dataset_label,evidence_type,outer_fold,id,target,target_class,strain,label_pkd,model_type,comparison_name,p,model_params,pred_mean,pred_err,pred_lower,pred_upper,residual,abs_error,covered,pred_score_decile,target_pred_score_decile,murcko_scaffold,scaffold_type,scaffold_library_count,scaffold_assayed_count,scaffold_coverage_fraction,scaffold_coverage_group,method_rank_sd,method_rank_range,branch_rank_sd,structure_minus_pose_rank,sequence_minus_structure_rank,oof_prediction_mode,n_proper_train,n_calibration,conformal_q
furin,outer_cv_oof_selected_after_cv,0,152520-56-4,furin,furin,,3.88,ridge,chemical_descriptors,13,{'alpha': 16.3},4.7354,1.5808,3.1545,6.3162,-0.8554,0.8554,1.0,9,9,c1ccc2c(c1)CCC(CCNCCC1CCc3ccccc3O1)O2,murcko,1,1,1.0,>50%,0.3831,0.9712,0.3698,-0.7064,0.543,adaptive_conformal,192,48,10.8743
furin,outer_cv_oof_selected_after_cv,0,99592-39-9,furin,furin,,4.141,ridge,chemical_descriptors,13,{'alpha': 16.3},4.8521,1.5033,3.3488,6.3555,-0.7111,0.7111,1.0,10,10,c1ccc(C(Cn2ccnc2)OCc2csc3ccccc23)cc1,murcko,1,1,1.0,>50%,0.2878,0.6424,0.3152,-0.5373,-0.017,adaptive_conformal,192,48,10.8743
furin,outer_cv_oof_selected_after_cv,0,402957-28-2,furin,furin,,4.339,ridge,chemical_descriptors,13,{'alpha': 16.3},4.6793,1.3849,3.2944,6.0642,-0.3403,0.3403,1.0,8,8,O=C(CNC(=O)[C@@H]1[C@H]2CCC[C@H]2CN1C(=O)CNC(=O)[C@@H](NC(=O)c1cnccn1)C1CCCCC1)C(=O)NC1CC1,murcko,1,1,1.0,>50%,0.3561,0.9016,0.179,-0.3574,0.1965,adaptive_conformal,192,48,10.8743
furin,outer_cv_oof_selected_after_cv,0,56390-09-1,furin,furin,,6.008,ridge,chemical_descriptors,13,{'alpha': 16.3},4.7424,1.39,3.3524,6.1324,1.2656,1.2656,1.0,9,9,O=C1c2ccccc2C(=O)c2cc3c(cc21)CCC[C@@H]3O[C@H]1CCCCO1,murcko,4,1,0.25,10-25%,0.1959,0.5007,0.0857,0.1668,-0.1178,adaptive_conformal,192,48,10.8743
furin,outer_cv_oof_selected_after_cv,0,99614-01-4,furin,furin,,4.873,ridge,chemical_descriptors,13,{'alpha': 16.3},4.8725,1.8013,3.0712,6.6738,0.0005,0.0005,1.0,10,10,O=C1c2c([nH]c3ccccc23)CCC1Cn1ccnc1,murcko,2,1,0.5,25-50%,0.2958,0.7271,0.3226,-0.1613,-0.4603,adaptive_conformal,192,48,10.8743
furin,outer_cv_oof_selected_after_cv,0,113-59-7,furin,furin,,4.566,ridge,chemical_descriptors,13,{'alpha': 16.3},4.8326,1.12,3.7126,5.9527,-0.2666,0.2666,1.0,9,9,C=C1c2ccccc2Sc2ccccc21,murcko,1,1,1.0,>50%,0.3866,0.8721,0.2313,-0.3149,-0.1361,adaptive_conformal,192,48,10.8743
furin,outer_cv_oof_selected_after_cv,0,2030-63-9,furin,furin,,4.729,ridge,chemical_descriptors,13,{'alpha': 16.3},4.9544,1.8828,3.0717,6.8372,-0.2254,0.2254,1.0,10,10,N=c1cc2n(-c3ccccc3)c3ccccc3nc-2cc1Nc1ccccc1,murcko,1,1,1.0,>50%,0.3059,0.8079,0.3174,-0.5839,0.5076,adaptive_conformal,192,48,10.8743
furin,outer_cv_oof_selected_after_cv,0,65473-14-5,furin,furin,,4.27,ridge,chemical_descriptors,13,{'alpha': 16.3},4.8542,1.3491,3.5051,6.2033,-0.5842,0.5842,1.0,10,10,C(=C\c1ccccc1)/CNCc1cccc2ccccc12,murcko,1,1,1.0,>50%,0.2462,0.738,0.1869,-0.3484,0.057,adaptive_conformal,192,48,10.8743
furin,outer_cv_oof_selected_after_cv,0,192725-17-0,furin,furin,,4.343,ridge,chemical_descriptors,13,{'alpha': 16.3},4.8662,1.8818,2.9843,6.748,-0.5232,0.5232,1.0,10,10,O=C(COc1ccccc1)N[C@H](CC[C@H](Cc1ccccc1)NC(=O)CN1CCCNC1=O)Cc1ccccc1,murcko,1,1,1.0,>50%,0.3431,0.8506,0.356,-0.6854,0.5097,adaptive_conformal,192,48,10.8743
furin,outer_cv_oof_selected_after_cv,0,63-45-6,furin,furin,,4.407,ridge,chemical_descriptors,13,{'alpha': 16.3},4.5316,1.6655,2.8662,6.1971,-0.1246,0.1246,1.0,2,2,c1ccc2ncccc2c1,murcko,7,2,0.2857,25-50%,0.1907,0.4846,0.1861,-0.3545,0.0791,adaptive_conformal,192,48,10.8743
furin,outer_cv_oof_selected_after_cv,0,51-30-9,furin,furin,,5.897,ridge,chemical_descriptors,13,{'alpha': 16.3},4.4925,1.0913,3.4012,5.5838,1.4045,1.4045,0.0,2,2,c1ccccc1,murcko,92,23,0.25,10-25%,0.2522,0.587,0.2612,-0.184,-0.3313,adaptive_conformal,192,48,10.8743
furin,outer_cv_oof_selected_after_cv,0,13492-01-8,furin,furin,,3.961,ridge,chemical_descriptors,13,{'alpha': 16.3},4.5751,1.5469,3.0282,6.1221,-0.6141,0.6141,1.0,4,4,c1ccc(C2CC2)cc1.c1ccc(C2CC2)cc1,murcko,1,1,1.0,>50%,0.4344,0.9031,0.4523,0.3106,-0.8911,adaptive_conformal,192,48,10.8743
furin,outer_cv_oof_selected_after_cv,0,496775-61-2,furin,furin,,4.29,ridge,chemical_descriptors,13,{'alpha': 16.3},4.605,1.2985,3.3065,5.9035,-0.315,0.315,1.0,5,5,O=C1/C(=N\Nc2cccc(-c3ccccc3)c2)C=NN1c1ccccc1,murcko,1,1,1.0,>50%,0.1734,0.4985,0.1418,-0.0189,-0.2356,adaptive_conformal,192,48,10.8743
furin,outer_cv_oof_selected_after_cv,0,223673-61-8,furin,furin,,5.129,ridge,chemical_descriptors,13,{'alpha': 16.3},4.6234,0.7414,3.882,5.3647,0.5056,0.5056,1.0,6,6,O=C(Cc1cscn1)Nc1ccc(CCNCCc2ccccc2)cc1,murcko,1,1,1.0,>50%,0.3495,0.8349,0.3797,-0.0032,-0.656,adaptive_conformal,192,48,10.8743
furin,outer_cv_oof_selected_after_cv,0,641571-10-0,furin,furin,,4.218,ridge,chemical_descriptors,13,{'alpha': 16.3},5.1761,2.2093,2.9668,7.3854,-0.9581,0.9581,1.0,10,10,O=C(Nc1cccc(-n2ccnc2)c1)c1cccc(Nc2nccc(-c3cccnc3)n2)c1,murcko,1,1,1.0,>50%,0.3081,0.7504,0.3325,-0.6643,0.3578,adaptive_conformal,192,48,10.8743
furin,outer_cv_oof_selected_after_cv,0,21462-39-5,furin,furin,,4.735,ridge,chemical_descriptors,13,{'alpha': 16.3},4.6541,1.86,2.7941,6.5142,0.0809,0.0809,1.0,7,7,O=C(NC[C@@H]1CCCCO1)[C@@H]1CCCN1,murcko,4,1,0.25,10-25%,0.326,0.718,0.3287,-0.6509,0.2458,adaptive_conformal,192,48,10.8743
furin,outer_cv_oof_selected_after_cv,0,169590-42-5,furin,furin,,3.713,ridge,chemical_descriptors,13,{'alpha': 16.3},4.7179,1.4886,3.2292,6.2065,-1.0049,1.0049,1.0,8,8,c1ccc(-c2ccnn2-c2ccccc2)cc1,murcko,1,1,1.0,>50%,0.2133,0.6356,0.0676,-0.0409,-0.0911,adaptive_conformal,192,48,10.8743
furin,outer_cv_oof_selected_after_cv,0,53885-35-1,furin,furin,,3.496,ridge,chemical_descriptors,13,{'alpha': 16.3},4.7705,1.1639,3.6066,5.9344,-1.2745,1.2745,0.0,9,9,c1ccc(CN2CCc3sccc3C2)cc1,murcko,2,1,0.5,25-50%,0.2943,0.6084,0.2396,-0.2041,-0.2735,adaptive_conformal,192,48,10.8743
furin,outer_cv_oof_selected_after_cv,0,30652-11-0,furin,furin,,4.049,ridge,chemical_descriptors,13,{'alpha': 16.3},4.7102,1.1393,3.5709,5.8496,-0.6612,0.6612,1.0,8,8,O=c1cc[nH]cc1,murcko,1,1,1.0,>50%,0.3196,0.6972,0.2307,-0.127,-0.3207,adaptive_conformal,192,48,10.8743
furin,outer_cv_oof_selected_after_cv,0,321-30-2,furin,furin,,4.87,ridge,chemical_descriptors,13,{'alpha': 16.3},4.7556,2.2667,2.4889,7.0223,0.1144,0.1144,1.0,9,9,c1ncc2nc[nH]c2n1.c1ncc2nc[nH]c2n1,murcko,1,1,1.0,>50%,0.3658,0.88,0.4056,0.3311,-0.8069,adaptive_conformal,192,48,10.8743
furin,outer_cv_oof_selected_after_cv,0,91-33-8,furin,furin,,3.54,ridge,chemical_descriptors,13,{'alpha': 16.3},4.5784,1.3595,3.2188,5.9379,-1.0384,1.0384,1.0,4,4,O=S1(=O)N=C(CSCc2ccccc2)Nc2ccccc21,murcko,1,1,1.0,>50%,0.2593,0.6598,0.2579,-0.2162,0.5137,adaptive_conformal,192,48,10.8743
furin,outer_cv_oof_selected_after_cv,0,475207-59-1,furin,furin,,4.203,ridge,chemical_descriptors,13,{'alpha': 16.3},4.9364,2.4796,2.4568,7.4159,-0.7334,0.7334,1.0,10,10,O=C(Nc1ccccc1)Nc1ccc(Oc2ccncc2)cc1.c1ccccc1,murcko,1,1,1.0,>50%,0.3371,0.8768,0.3673,-0.7345,0.3541,adaptive_conformal,192,48,10.8743
furin,outer_cv_oof_selected_after_cv,0,6018-19-5,furin,furin,,4.132,ridge,chemical_descriptors,13,{'alpha': 16.3},4.1868,2.2402,1.9467,6.427,-0.0548,0.0548,1.0,1,1,c1ccccc1,murcko,92,23,0.25,10-25%,0.2275,0.5206,0.1614,0.0201,-0.289,adaptive_conformal,192,48,10.8743
furin,outer_cv_oof_selected_after_cv,0,6493-05-6,furin,furin,,5.471,ridge,chemical_descriptors,13,{'alpha': 16.3},4.5763,1.7112,2.8651,6.2875,0.8947,0.8947,1.0,4,4,O=c1[nH]c(=O)c2[nH]cnc2[nH]1,murcko,2,2,1.0,>50%,0.1083,0.3054,0.0499,0.0027,-0.0877,adaptive_conformal,192,48,10.8743
furin,outer_cv_oof_selected_after_cv,0,219861-08-2,furin,furin,,4.636,ridge,chemical_descriptors,13,{'alpha': 16.3},4.5323,0.8719,3.6604,5.4043,0.1037,0.1037,1.0,2,2,c1ccc(C2OCc3ccccc32)cc1,murcko,1,1,1.0,>50%,0.1784,0.5123,0.113,-0.0484,-0.167,adaptive_conformal,192,48,10.8743
furin,outer_cv_oof_selected_after_cv,0,2809-21-4,furin,furin,,4.592,ridge,chemical_descriptors,13,{'alpha': 16.3},4.6586,2.2131,2.4455,6.8717,-0.0666,0.0666,1.0,7,7,CC(O)(P(=O)(O)O)P(=O)(O)O,acyclic,1,1,1.0,>50%,0.2739,0.6435,0.1239,0.1392,0.108,adaptive_conformal,192,48,10.8743
furin,outer_cv_oof_selected_after_cv,0,51-48-9,furin,furin,,4.134,ridge,chemical_descriptors,13,{'alpha': 16.3},4.5634,2.2842,2.2793,6.8476,-0.4294,0.4294,1.0,3,3,c1ccc(Oc2ccccc2)cc1,murcko,5,3,0.6,>50%,0.2485,0.6979,0.1604,0.2678,0.019,adaptive_conformal,192,48,10.8743
furin,outer_cv_oof_selected_after_cv,0,19237-84-4,furin,furin,,5.79,ridge,chemical_descriptors,13,{'alpha': 16.3},4.8426,1.7483,3.0943,6.5909,0.9474,0.9474,1.0,10,10,O=C(c1ccco1)N1CCN(c2ncc3ccccc3n2)CC1,murcko,1,1,1.0,>50%,0.2009,0.5191,0.0849,-0.0408,-0.1224,adaptive_conformal,192,48,10.8743
furin,outer_cv_oof_selected_after_cv,0,24356-60-3,furin,furin,,4.172,ridge,chemical_descriptors,13,{'alpha': 16.3},4.1423,1.6037,2.5387,5.746,0.0297,0.0297,1.0,1,1,O=C(CSc1ccncc1)N[C@@H]1C(=O)N2C=CCS[C@H]12,murcko,1,1,1.0,>50%,0.2219,0.6263,0.08,0.1054,0.0516,adaptive_conformal,192,48,10.8743
furin,outer_cv_oof_selected_after_cv,0,286930-03-8,furin,furin,,4.42,ridge,chemical_descriptors,13,{'alpha': 16.3},4.4748,1.6282,2.8467,6.103,-0.0548,0.0548,1.0,1,1,c1ccc(Cc2ccccc2)cc1,murcko,8,2,0.25,10-25%,0.3405,0.915,0.334,-0.5927,0.5634,adaptive_conformal,192,48,10.8743
furin,outer_cv_oof_selected_after_cv,0,144060-53-7,furin,furin,,4.71,ridge,chemical_descriptors,13,{'alpha': 16.3},4.6348,1.2813,3.3535,5.9162,0.0752,0.0752,1.0,6,6,c1ccc(-c2nccs2)cc1,murcko,1,1,1.0,>50%,0.1323,0.3484,0.095,0.1833,-0.1352,adaptive_conformal,192,48,10.8743
furin,outer_cv_oof_selected_after_cv,0,41340-25-4,furin,furin,,5.039,ridge,chemical_descriptors,13,{'alpha': 16.3},4.6482,1.7886,2.8596,6.4368,0.3908,0.3908,1.0,7,7,c1ccc2c3c([nH]c2c1)COCC3,murcko,1,1,1.0,>50%,0.2611,0.6857,0.1566,-0.1641,0.313,adaptive_conformal,192,48,10.8743
furin,outer_cv_oof_selected_after_cv,0,302962-49-8,furin,furin,,4.335,ridge,chemical_descriptors,13,{'alpha': 16.3},4.9146,1.3117,3.6029,6.2264,-0.5796,0.5796,1.0,10,10,O=C(Nc1ccccc1)c1cnc(Nc2cc(N3CCNCC3)ncn2)s1,murcko,1,1,1.0,>50%,0.2529,0.6895,0.2038,-0.3639,0.3412,adaptive_conformal,192,48,10.8743
furin,outer_cv_oof_selected_after_cv,0,56211-40-6,furin,furin,,4.326,ridge,chemical_descriptors,13,{'alpha': 16.3},4.5876,0.7569,3.8307,5.3445,-0.2616,0.2616,1.0,5,5,c1ccc(Nc2ccncc2)cc1,murcko,1,1,1.0,>50%,0.2219,0.6083,0.2169,-0.2115,0.4338,adaptive_conformal,192,48,10.8743
furin,outer_cv_oof_selected_after_cv,0,1744-22-5,furin,furin,,5.203,ridge,chemical_descriptors,13,{'alpha': 16.3},4.6556,0.9,3.7555,5.5556,0.5474,0.5474,1.0,7,7,c1ccc2scnc2c1,murcko,2,1,0.5,25-50%,0.2493,0.6224,0.1907,0.2908,-0.359,adaptive_conformal,192,48,10.8743
furin,outer_cv_oof_selected_after_cv,0,21679-14-1,furin,furin,,3.847,ridge,chemical_descriptors,13,{'alpha': 16.3},4.6405,1.4733,3.1672,6.1138,-0.7935,0.7935,1.0,7,7,c1ncc2ncn([C@H]3CCCO3)c2n1,murcko,7,2,0.2857,25-50%,0.1774,0.4514,0.192,0.08,-0.3652,adaptive_conformal,192,48,10.8743
furin,outer_cv_oof_selected_after_cv,0,51-21-8,furin,furin,,4.563,ridge,chemical_descriptors,13,{'alpha': 16.3},4.574,1.9468,2.6272,6.5208,-0.011,0.011,1.0,4,4,O=c1cc[nH]c(=O)[nH]1,murcko,3,1,0.3333,25-50%,0.348,0.7448,0.2068,0.087,-0.3937,adaptive_conformal,192,48,10.8743
furin,outer_cv_oof_selected_after_cv,0,220620-09-7,furin,furin,,4.299,ridge,chemical_descriptors,13,{'alpha': 16.3},4.5165,1.6652,2.8513,6.1817,-0.2175,0.2175,1.0,2,2,O=C1C2=CC3C(=O)C=CC[C@@H]3C[C@@H]2Cc2ccccc21,murcko,7,1,0.1429,10-25%,0.3564,0.8771,0.1422,-0.2781,0.0876,adaptive_conformal,192,48,10.8743
furin,outer_cv_oof_selected_after_cv,0,405165-61-9,furin,furin,,5.364,ridge,chemical_descriptors,13,{'alpha': 16.3},4.7566,1.5588,3.1978,6.3154,0.6074,0.6074,1.0,9,9,O=c1ccn(C2CC2)c2cc(N3CCCCCC3)ccc12,murcko,1,1,1.0,>50%,0.2107,0.5699,0.1648,-0.1265,0.3268,adaptive_conformal,192,48,10.8743
furin,outer_cv_oof_selected_after_cv,0,67-48-1,furin,furin,,4.59,ridge,chemical_descriptors,13,{'alpha': 16.3},4.6836,2.1991,2.4845,6.8827,-0.0936,0.0936,1.0,8,8,C[N+](C)(C)CCO.[Cl-],acyclic,1,1,1.0,>50%,0.2012,0.4613,0.2238,0.2017,-0.447,adaptive_conformal,192,48,10.8743
furin,outer_cv_oof_selected_after_cv,0,7681-93-8,furin,furin,,4.923,ridge,chemical_descriptors,13,{'alpha': 16.3},4.5665,2.2217,2.3449,6.7882,0.3565,0.3565,1.0,4,4,O=C1/C=C/[C@H]2O[C@@H]2CCCC2CCC[C@H](C[C@@H](O[C@H]3CCCCO3)/C=C/C=C/C=C/C=C/CCO1)O2,murcko,1,1,1.0,>50%,0.254,0.5837,0.2096,0.4067,-0.1153,adaptive_conformal,192,48,10.8743
furin,outer_cv_oof_selected_after_cv,0,1156-19-0,furin,furin,,4.357,ridge,chemical_descriptors,13,{'alpha': 16.3},4.5803,1.2222,3.3581,5.8024,-0.2233,0.2233,1.0,4,4,O=C(NN1CCCCCC1)NS(=O)(=O)c1ccccc1,murcko,1,1,1.0,>50%,0.2179,0.6096,0.2031,0.2504,-0.4022,adaptive_conformal,192,48,10.8743
furin,outer_cv_oof_selected_after_cv,0,127-69-5,furin,furin,,4.625,ridge,chemical_descriptors,13,{'alpha': 16.3},4.4293,0.9357,3.4936,5.365,0.1957,0.1957,1.0,1,1,O=S(=O)(Nc1ccno1)c1ccccc1,murcko,1,1,1.0,>50%,0.2924,0.7624,0.2434,0.4767,-0.324,adaptive_conformal,192,48,10.8743
furin,outer_cv_oof_selected_after_cv,0,55079-83-9,furin,furin,,4.406,ridge,chemical_descriptors,13,{'alpha': 16.3},4.4278,1.5485,2.8793,5.9763,-0.0218,0.0218,1.0,1,1,c1ccccc1,murcko,92,23,0.25,10-25%,0.3708,0.8707,0.2635,0.2951,0.2305,adaptive_conformal,192,48,10.8743
furin,outer_cv_oof_selected_after_cv,0,91832-40-5,furin,furin,,4.881,ridge,chemical_descriptors,13,{'alpha': 16.3},4.1422,2.3017,1.8405,6.4439,0.7388,0.7388,1.0,1,1,N=C(C(=O)N[C@@H]1C(=O)N2C=CCS[C@H]12)c1cscn1,murcko,2,1,0.5,25-50%,0.3588,0.8719,0.229,0.3506,0.0798,adaptive_conformal,192,48,10.8743
furin,outer_cv_oof_selected_after_cv,0,153559-49-0,furin,furin,,6.293,ridge,chemical_descriptors,13,{'alpha': 16.3},4.8315,0.9937,3.8378,5.8251,1.4615,1.4615,0.0,9,9,C=C(c1ccccc1)c1ccc2c(c1)CCCC2,murcko,1,1,1.0,>50%,0.3354,0.8586,0.3169,0.0778,0.5058,adaptive_conformal,192,48,10.8743
furin,outer_cv_oof_selected_after_cv,0,69388-84-7,furin,furin,,4.038,ridge,chemical_descriptors,13,{'alpha': 16.3},4.4979,1.5757,2.9222,6.0735,-0.4599,0.4599,1.0,2,2,O=C1C[C@@H]2N1CCS2(=O)=O,murcko,2,1,0.5,25-50%,0.3369,0.8654,0.2137,0.3482,-0.3886,adaptive_conformal,192,48,10.8743
furin,outer_cv_oof_selected_after_cv,0,159811-51-5,furin,furin,,4.755,ridge,chemical_descriptors,13,{'alpha': 16.3},4.841,1.8033,3.0377,6.6443,-0.086,0.086,1.0,10,10,O=C1C=C2CC[C@@H]3C(=C2CC1)[C@@H](c1ccccc1)CC1CCC[C@H]13,murcko,1,1,1.0,>50%,0.3807,0.8094,0.3776,0.2238,0.5127,adaptive_conformal,192,48,10.8743
furin,outer_cv_oof_selected_after_cv,0,1177-87-3,furin,furin,,4.253,ridge,chemical_descriptors,13,{'alpha': 16.3},4.618,1.4053,3.2127,6.0233,-0.365,0.365,1.0,6,6,O=C1C=CC2C(=C1)CC[C@@H]1C2CCC2CCC[C@H]21,murcko,11,4,0.3636,25-50%,0.3767,0.8751,0.4089,-0.0437,0.7292,adaptive_conformal,192,48,10.8743
furin,outer_cv_oof_selected_after_cv,0,1115-70-4,furin,furin,,5.568,ridge,chemical_descriptors,13,{'alpha': 16.3},4.4454,2.4582,1.9872,6.9036,1.1226,1.1226,1.0,1,1,CN(C)C(=N)NC(=N)N.Cl,acyclic,1,1,1.0,>50%,0.2805,0.7201,0.1976,0.1496,-0.3916,adaptive_conformal,192,48,10.8743
furin,outer_cv_oof_selected_after_cv,0,144689-63-4,furin,furin,,3.688,ridge,chemical_descriptors,13,{'alpha': 16.3},5.0291,2.0986,2.9305,7.1277,-1.3411,1.3411,1.0,10,10,O=C(OCc1coc(=O)o1)c1cncn1Cc1ccc(-c2ccccc2-c2nn[nH]n2)cc1,murcko,1,1,1.0,>50%,0.2703,0.6328,0.2257,-0.359,0.4164,adaptive_conformal,192,48,10.8743
furin,outer_cv_oof_selected_after_cv,0,98319-26-7,furin,furin,,4.226,ridge,chemical_descriptors,13,{'alpha': 16.3},4.8086,1.865,2.9436,6.6735,-0.5826,0.5826,1.0,9,9,O=C1C=CC2[C@H]3CCC4CCC[C@H]4[C@@H]3CC[C@H]2N1,murcko,1,1,1.0,>50%,0.2643,0.6469,0.2599,-0.1361,0.5024,adaptive_conformal,192,48,10.8743
furin,outer_cv_oof_selected_after_cv,0,23593-75-1,furin,furin,,5.139,ridge,chemical_descriptors,13,{'alpha': 16.3},4.8436,1.6202,3.2234,6.4638,0.2954,0.2954,1.0,10,10,c1ccc(C(c2ccccc2)(c2ccccc2)n2ccnc2)cc1,murcko,1,1,1.0,>50%,0.2298,0.5551,0.2216,0.4104,-0.0606,adaptive_conformal,192,48,10.8743
furin,outer_cv_oof_selected_after_cv,0,67392-87-4,furin,furin,,7.063,ridge,chemical_descriptors,13,{'alpha': 16.3},4.8627,3.062,1.8008,7.9247,2.2003,2.2003,1.0,10,10,O=C1C=C2C(CC1)[C@H]1CCC3[C@@H]([C@@H]4C[C@@H]4[C@@]34CCC(=O)O4)[C@@H]1[C@H]1C[C@@H]21,murcko,1,1,1.0,>50%,0.3623,0.8831,0.2771,0.2577,0.2961,adaptive_conformal,192,48,10.8743
furin,outer_cv_oof_selected_after_cv,0,637-58-1,furin,furin,,6.228,ridge,chemical_descriptors,13,{'alpha': 16.3},4.6222,1.5051,3.1171,6.1274,1.6058,1.6058,0.0,6,6,c1ccc(OCCCN2CCOCC2)cc1,murcko,1,1,1.0,>50%,0.3176,0.8639,0.1779,-0.2249,-0.1263,adaptive_conformal,192,48,10.8743
furin,outer_cv_oof_selected_after_cv,0,302-79-4,furin,furin,,5.574,ridge,chemical_descriptors,13,{'alpha': 16.3},4.4697,1.8694,2.6003,6.3392,1.1043,1.1043,1.0,1,1,C1=CCCCC1,murcko,3,1,0.3333,25-50%,0.3534,0.8751,0.3681,0.5539,0.1431,adaptive_conformal,192,48,10.8743
furin,outer_cv_oof_selected_after_cv,0,80621-81-4,furin,furin,,4.275,ridge,chemical_descriptors,13,{'alpha': 16.3},5.0633,2.5361,2.5272,7.5994,-0.7883,0.7883,1.0,10,10,O=C1/C=C\C=C/CCCCCCCC/C=C\OC2Oc3ccc4cc(c5c(nc6ccccn65)c4c3C2=O)N1,murcko,1,1,1.0,>50%,0.286,0.7874,0.2,0.2823,0.1044,adaptive_conformal,192,48,10.8743
furin,outer_cv_oof_selected_after_cv,0,50-55-5,furin,furin,,3.545,ridge,chemical_descriptors,13,{'alpha': 16.3},4.9548,1.6843,3.2705,6.6392,-1.4098,1.4098,1.0,10,10,O=C(O[C@H]1CC[C@H]2C[C@@H]3c4[nH]c5ccccc5c4CCN3C[C@H]2C1)c1ccccc1,murcko,1,1,1.0,>50%,0.1495,0.425,0.0616,-0.0922,0.117,adaptive_conformal,192,48,10.8743
furin,outer_cv_oof_selected_after_cv,0,72559-06-9,furin,furin,,3.845,ridge,chemical_descriptors,13,{'alpha': 16.3},4.9053,1.8338,3.0714,6.7391,-1.0603,1.0603,1.0,10,10,O=C1/C=C\C=C/CCCCCCCC/C=C\OC2Oc3ccc4c(c3C2=O)C2=NC3(CCNCC3)NC2=C(N1)C4=O,murcko,1,1,1.0,>50%,0.1978,0.5821,0.1842,-0.1301,0.3635,adaptive_conformal,192,48,10.8743
furin,outer_cv_oof_selected_after_cv,0,297-76-7,furin,furin,,6.628,ridge,chemical_descriptors,13,{'alpha': 16.3},4.6067,1.5491,3.0576,6.1558,2.0213,2.0213,0.0,5,5,C1=C2CC[C@@H]3[C@H](CCC4CCC[C@H]43)[C@H]2CCC1,murcko,1,1,1.0,>50%,0.2176,0.6262,0.2169,0.0788,0.33,adaptive_conformal,192,48,10.8743
furin,outer_cv_oof_selected_after_cv,1,1264-72-8,furin,furin,,3.551,ridge,chemical_descriptors,13,{'alpha': 983.0},4.2518,2.3806,1.8711,6.6324,-0.7008,0.7008,1.0,1,1,O=C1CCCNC(=O)CNC(=O)CNC(=O)CNC(=O)CNC(=O)CNC(=O)CN1,murcko,1,1,1.0,>50%,0.0465,0.1186,0.0356,0.0133,0.0539,adaptive_conformal,192,48,36.1997
furin,outer_cv_oof_selected_after_cv,1,22916-47-8,furin,furin,,5.721,ridge,chemical_descriptors,13,{'alpha': 983.0},4.6075,1.1968,3.4107,5.8042,1.1135,1.1135,1.0,5,5,c1ccc(COC(Cn2ccnc2)c2ccccc2)cc1,murcko,4,1,0.25,10-25%,0.0952,0.2396,0.0506,-0.0469,0.1011,adaptive_conformal,192,48,36.1997
furin,outer_cv_oof_selected_after_cv,1,849217-68-1,furin,furin,,4.524,ridge,chemical_descriptors,13,{'alpha': 983.0},4.5951,1.3024,3.2927,5.8975,-0.0711,0.0711,1.0,5,5,O=C(Nc1ccccc1)C1(C(=O)Nc2ccc(Oc3ccnc4ccccc34)cc2)CC1,murcko,1,1,1.0,>50%,0.3043,0.7548,0.3323,-0.6113,0.5316,adaptive_conformal,192,48,36.1997
furin,outer_cv_oof_selected_after_cv,1,753498-25-8,furin,furin,,4.778,ridge,chemical_descriptors,13,{'alpha': 983.0},4.5466,1.1605,3.386,5.7071,0.2314,0.2314,1.0,3,3,O=c1ccc2c(CCNC3Cc4ccccc4C3)cccc2[nH]1,murcko,1,1,1.0,>50%,0.2186,0.544,0.221,-0.0743,-0.3402,adaptive_conformal,192,48,36.1997
furin,outer_cv_oof_selected_after_cv,1,5370-01-4,furin,furin,,7.048,ridge,chemical_descriptors,13,{'alpha': 983.0},4.5748,1.0375,3.5373,5.6123,2.4732,2.4732,0.0,4,4,c1ccccc1,murcko,92,23,0.25,10-25%,0.3833,0.9586,0.387,-0.592,-0.1358,adaptive_conformal,192,48,36.1997
furin,outer_cv_oof_selected_after_cv,1,90357-06-5,furin,furin,,4.369,ridge,chemical_descriptors,13,{'alpha': 983.0},4.5619,1.0573,3.5046,5.6192,-0.1929,0.1929,1.0,3,3,O=C(CCS(=O)(=O)c1ccccc1)Nc1ccccc1,murcko,1,1,1.0,>50%,0.3523,0.9903,0.3097,-0.6058,0.191,adaptive_conformal,192,48,36.1997
furin,outer_cv_oof_selected_after_cv,1,5786-21-0,furin,furin,,4.981,ridge,chemical_descriptors,13,{'alpha': 983.0},4.6151,1.3188,3.2963,5.9339,0.3659,0.3659,1.0,6,6,c1ccc2c(c1)N=C(N1CCNCC1)c1ccccc1N2,murcko,1,1,1.0,>50%,0.3401,0.9073,0.2764,-0.1597,-0.3786,adaptive_conformal,192,48,36.1997
furin,outer_cv_oof_selected_after_cv,1,34183-22-7,furin,furin,,5.181,ridge,chemical_descriptors,13,{'alpha': 983.0},4.5602,0.8848,3.6754,5.4449,0.6208,0.6208,1.0,3,3,O=C(CCc1ccccc1)c1ccccc1,murcko,1,1,1.0,>50%,0.3426,0.7309,0.38,-0.6681,0.0204,adaptive_conformal,192,48,36.1997
furin,outer_cv_oof_selected_after_cv,1,32986-56-4,furin,furin,,5.184,ridge,chemical_descriptors,13,{'alpha': 983.0},4.4596,1.7316,2.7279,6.1912,0.7244,0.7244,1.0,1,1,C1CC[C@@H](O[C@@H]2CCC[C@H](O[C@@H]3CCCCO3)C2)OC1,murcko,1,1,1.0,>50%,0.2191,0.5876,0.0577,-0.1121,0.0794,adaptive_conformal,192,48,36.1997
furin,outer_cv_oof_selected_after_cv,1,32672-69-8,furin,furin,,4.339,ridge,chemical_descriptors,13,{'alpha': 983.0},4.6154,1.2682,3.3472,5.8837,-0.2764,0.2764,1.0,6,6,c1ccc2c(c1)Sc1ccccc1N2CCC1CCCCN1.c1ccccc1,murcko,1,1,1.0,>50%,0.3156,0.731,0.3409,-0.6239,0.0739,adaptive_conformal,192,48,36.1997
furin,outer_cv_oof_selected_after_cv,1,298-81-7,furin,furin,,5.142,ridge,chemical_descriptors,13,{'alpha': 983.0},4.5999,1.1908,3.4091,5.7908,0.5421,0.5421,1.0,5,5,O=c1ccc2cc3ccoc3cc2o1,murcko,2,1,0.5,25-50%,0.3269,0.8488,0.2275,0.341,-0.4313,adaptive_conformal,192,48,36.1997
furin,outer_cv_oof_selected_after_cv,1,51022-70-9,furin,furin,,5.853,ridge,chemical_descriptors,13,{'alpha': 983.0},4.4969,1.3112,3.1857,5.8081,1.3561,1.3561,0.0,2,2,c1ccccc1.c1ccccc1,murcko,6,3,0.5,25-50%,0.2675,0.7515,0.2471,-0.4255,-0.0049,adaptive_conformal,192,48,36.1997
furin,outer_cv_oof_selected_after_cv,1,36791-04-5,furin,furin,,4.968,ridge,chemical_descriptors,13,{'alpha': 983.0},4.5246,1.1577,3.3669,5.6824,0.4434,0.4434,1.0,2,2,c1ncn([C@H]2CCCO2)n1,murcko,1,1,1.0,>50%,0.3858,0.9126,0.31,-0.0306,-0.521,adaptive_conformal,192,48,36.1997
furin,outer_cv_oof_selected_after_cv,1,198480-56-7,furin,furin,,4.184,ridge,chemical_descriptors,13,{'alpha': 983.0},4.6145,1.3321,3.2824,5.9466,-0.4305,0.4305,1.0,6,6,c1ccc(-c2cc3ccccc3n2Cc2ccc(OCCN3CCCCCC3)cc2)cc1,murcko,1,1,1.0,>50%,0.2819,0.7345,0.1778,-0.298,-0.019,adaptive_conformal,192,48,36.1997
furin,outer_cv_oof_selected_after_cv,1,201530-41-8,furin,furin,,5.012,ridge,chemical_descriptors,13,{'alpha': 983.0},4.5774,1.4129,3.1645,5.9903,0.4346,0.4346,1.0,4,4,c1ccc(-c2nc(-c3ccccc3)n(-c3ccccc3)n2)cc1,murcko,1,1,1.0,>50%,0.2176,0.6206,0.2024,0.2048,-0.4047,adaptive_conformal,192,48,36.1997
furin,outer_cv_oof_selected_after_cv,1,111406-87-2,furin,furin,,3.836,ridge,chemical_descriptors,13,{'alpha': 983.0},4.5829,1.112,3.4709,5.6949,-0.7469,0.7469,1.0,4,4,c1ccc2sccc2c1,murcko,1,1,1.0,>50%,0.3384,0.8888,0.3264,-0.5083,-0.1005,adaptive_conformal,192,48,36.1997
furin,outer_cv_oof_selected_after_cv,1,133099-07-7,furin,furin,,7.702,ridge,chemical_descriptors,13,{'alpha': 983.0},4.6023,1.275,3.3273,5.8773,3.0997,3.0997,0.0,5,5,c1ccc(C(c2ccccc2)[C@@H]2CCN(CCc3ccc4c(c3)CCO4)C2)cc1,murcko,1,1,1.0,>50%,0.382,0.7883,0.3379,-0.6755,0.3177,adaptive_conformal,192,48,36.1997
furin,outer_cv_oof_selected_after_cv,1,191732-72-6,furin,furin,,4.623,ridge,chemical_descriptors,13,{'alpha': 983.0},4.5763,1.1837,3.3925,5.76,0.0467,0.0467,1.0,4,4,O=C1CCC(N2Cc3ccccc3C2=O)C(=O)N1,murcko,1,1,1.0,>50%,0.2894,0.7543,0.2996,-0.2697,-0.3285,adaptive_conformal,192,48,36.1997
furin,outer_cv_oof_selected_after_cv,1,103577-45-3,furin,furin,,3.975,ridge,chemical_descriptors,13,{'alpha': 983.0},4.5806,1.3004,3.2803,5.881,-0.6056,0.6056,1.0,4,4,O=S(Cc1ccccn1)c1nc2ccccc2[nH]1,murcko,4,2,0.5,25-50%,0.2186,0.5658,0.1411,-0.2319,-0.0233,adaptive_conformal,192,48,36.1997
furin,outer_cv_oof_selected_after_cv,1,73590-58-6,furin,furin,,4.876,ridge,chemical_descriptors,13,{'alpha': 983.0},4.5759,1.3004,3.2756,5.8763,0.3001,0.3001,1.0,4,4,O=S(Cc1ccccn1)c1nc2ccccc2[nH]1,murcko,4,2,0.5,25-50%,0.2368,0.6861,0.1985,-0.0989,-0.2835,adaptive_conformal,192,48,36.1997
furin,outer_cv_oof_selected_after_cv,1,444731-52-6,furin,furin,,6.887,ridge,chemical_descriptors,13,{'alpha': 983.0},4.5738,1.4299,3.1439,6.0038,2.3132,2.3132,0.0,4,4,c1ccc(Nc2nccc(Nc3ccc4c[nH]nc4c3)n2)cc1,murcko,2,1,0.5,25-50%,0.3794,0.9161,0.4196,-0.8178,0.2458,adaptive_conformal,192,48,36.1997
furin,outer_cv_oof_selected_after_cv,1,82586-55-8,furin,furin,,6.281,ridge,chemical_descriptors,13,{'alpha': 983.0},4.5596,1.0375,3.5221,5.597,1.7214,1.7214,0.0,3,3,O=C(CNCCCc1ccccc1)N1CCc2ccccc2C1,murcko,2,1,0.5,25-50%,0.3126,0.8362,0.3009,-0.5438,0.0485,adaptive_conformal,192,48,36.1997
furin,outer_cv_oof_selected_after_cv,1,479-18-5,furin,furin,,4.254,ridge,chemical_descriptors,13,{'alpha': 983.0},4.5409,1.0597,3.4812,5.6006,-0.2869,0.2869,1.0,3,3,O=c1[nH]c(=O)c2[nH]cnc2[nH]1,murcko,2,2,1.0,>50%,0.1783,0.4871,0.111,0.1819,0.0193,adaptive_conformal,192,48,36.1997
furin,outer_cv_oof_selected_after_cv,1,69-52-3,furin,furin,,5.198,ridge,chemical_descriptors,13,{'alpha': 983.0},4.5365,1.2705,3.2659,5.807,0.6615,0.6615,1.0,3,3,O=C(Cc1ccccc1)NC1C(=O)N2CCSC12,murcko,1,1,1.0,>50%,0.3074,0.8016,0.1708,-0.0885,-0.2415,adaptive_conformal,192,48,36.1997
furin,outer_cv_oof_selected_after_cv,1,129497-78-5,furin,furin,,3.691,ridge,chemical_descriptors,13,{'alpha': 983.0},4.5923,1.3785,3.2139,5.9708,-0.9013,0.9013,1.0,5,5,C1=CCC2C(=C1)c1cc3ccc(cc4nc(cc5ccc(cc2n1)[nH]5)C=C4)[nH]3,murcko,1,1,1.0,>50%,0.3914,0.9049,0.3738,0.5035,0.2269,adaptive_conformal,192,48,36.1997
furin,outer_cv_oof_selected_after_cv,1,50-78-2,furin,furin,,4.125,ridge,chemical_descriptors,13,{'alpha': 983.0},4.5685,1.1587,3.4099,5.7272,-0.4435,0.4435,1.0,4,4,c1ccccc1,murcko,92,23,0.25,10-25%,0.179,0.4558,0.1594,-0.0881,-0.2212,adaptive_conformal,192,48,36.1997
furin,outer_cv_oof_selected_after_cv,1,147403-03-0,furin,furin,,6.886,ridge,chemical_descriptors,13,{'alpha': 983.0},4.5829,1.5162,3.0667,6.0991,2.3031,2.3031,0.0,4,4,O=c1[nH]c(-c2ccccc2-c2ccc(Cn3cnc4ccccc43)cc2)no1,murcko,1,1,1.0,>50%,0.2467,0.6435,0.0868,0.1284,-0.1653,adaptive_conformal,192,48,36.1997
furin,outer_cv_oof_selected_after_cv,1,25451-15-4,furin,furin,,5.438,ridge,chemical_descriptors,13,{'alpha': 983.0},4.5378,1.0516,3.4862,5.5894,0.9002,0.9002,1.0,3,3,c1ccccc1,murcko,92,23,0.25,10-25%,0.2006,0.5705,0.1564,-0.289,0.0407,adaptive_conformal,192,48,36.1997
furin,outer_cv_oof_selected_after_cv,1,554-57-4,furin,furin,,4.643,ridge,chemical_descriptors,13,{'alpha': 983.0},4.5441,1.0564,3.4876,5.6005,0.0989,0.0989,1.0,3,3,N=c1[nH]ncs1,murcko,1,1,1.0,>50%,0.2998,0.8422,0.2937,0.2626,0.3236,adaptive_conformal,192,48,36.1997
furin,outer_cv_oof_selected_after_cv,1,50-01-1,furin,furin,,3.77,ridge,chemical_descriptors,13,{'alpha': 983.0},4.5468,1.5422,3.0046,6.0891,-0.7768,0.7768,1.0,3,3,Cl.N=C(N)N,acyclic,1,1,1.0,>50%,0.3866,0.8415,0.3152,0.2263,-0.6227,adaptive_conformal,192,48,36.1997
furin,outer_cv_oof_selected_after_cv,1,122647-32-9,furin,furin,,5.325,ridge,chemical_descriptors,13,{'alpha': 983.0},4.474,1.4252,3.0488,5.8993,0.851,0.851,1.0,1,1,c1ccccc1.c1ccccc1,murcko,6,3,0.5,25-50%,0.2751,0.6952,0.2829,-0.5192,0.0651,adaptive_conformal,192,48,36.1997
furin,outer_cv_oof_selected_after_cv,1,51-52-5,furin,furin,,4.089,ridge,chemical_descriptors,13,{'alpha': 983.0},4.5752,1.1816,3.3936,5.7568,-0.4862,0.4862,1.0,4,4,c1cncnc1,murcko,1,1,1.0,>50%,0.2971,0.6576,0.226,-0.0143,-0.3841,adaptive_conformal,192,48,36.1997
furin,outer_cv_oof_selected_after_cv,1,147-94-4,furin,furin,,6.375,ridge,chemical_descriptors,13,{'alpha': 983.0},4.5313,1.1746,3.3568,5.7059,1.8437,1.8437,0.0,2,2,O=c1ncccn1[C@H]1CCCO1,murcko,6,1,0.1667,10-25%,0.2532,0.6222,0.2555,0.1095,-0.4871,adaptive_conformal,192,48,36.1997
furin,outer_cv_oof_selected_after_cv,1,65-29-2,furin,furin,,3.421,ridge,chemical_descriptors,13,{'alpha': 983.0},4.4832,1.1507,3.3325,5.6339,-1.0622,1.0622,1.0,2,2,c1ccccc1,murcko,92,23,0.25,10-25%,0.3169,0.8811,0.2206,-0.4105,0.3455,adaptive_conformal,192,48,36.1997
furin,outer_cv_oof_selected_after_cv,1,14976-57-9,furin,furin,,4.577,ridge,chemical_descriptors,13,{'alpha': 983.0},4.5762,1.0435,3.5327,5.6197,0.0008,0.0008,1.0,4,4,c1ccc(C(OCC[C@H]2CCCN2)c2ccccc2)cc1,murcko,1,1,1.0,>50%,0.2849,0.6763,0.2452,-0.454,0.3877,adaptive_conformal,192,48,36.1997
furin,outer_cv_oof_selected_after_cv,1,62571-86-2,furin,furin,,6.497,ridge,chemical_descriptors,13,{'alpha': 983.0},4.5667,1.0206,3.5462,5.5873,1.9303,1.9303,0.0,4,4,C1CCNC1,murcko,1,1,1.0,>50%,0.3359,0.8656,0.2532,0.0421,-0.4581,adaptive_conformal,192,48,36.1997
furin,outer_cv_oof_selected_after_cv,1,139110-80-8,furin,furin,,4.662,ridge,chemical_descriptors,13,{'alpha': 983.0},4.4824,1.498,2.9844,5.9804,0.1796,0.1796,1.0,2,2,C1=COCCC1,murcko,1,1,1.0,>50%,0.1903,0.5182,0.0438,-0.0132,0.0816,adaptive_conformal,192,48,36.1997
furin,outer_cv_oof_selected_after_cv,1,150322-43-3,furin,furin,,4.684,ridge,chemical_descriptors,13,{'alpha': 983.0},4.6048,1.1447,3.4601,5.7495,0.0792,0.0792,1.0,5,5,O=C(C1CC1)C(c1ccccc1)N1CCc2sccc2C1,murcko,1,1,1.0,>50%,0.2423,0.5871,0.162,-0.0035,0.2823,adaptive_conformal,192,48,36.1997
furin,outer_cv_oof_selected_after_cv,1,23239-51-2,furin,furin,,5.013,ridge,chemical_descriptors,13,{'alpha': 983.0},4.5528,1.1183,3.4346,5.6711,0.4602,0.4602,1.0,3,3,c1ccc(CCNCCc2ccccc2)cc1,murcko,1,1,1.0,>50%,0.2883,0.6807,0.2667,-0.1575,-0.3625,adaptive_conformal,192,48,36.1997
furin,outer_cv_oof_selected_after_cv,1,105816-04-4,furin,furin,,4.251,ridge,chemical_descriptors,13,{'alpha': 983.0},4.5702,1.044,3.5262,5.6142,-0.3192,0.3192,1.0,4,4,O=C(NCCc1ccccc1)C1CCCCC1,murcko,1,1,1.0,>50%,0.2958,0.7885,0.1216,0.0475,0.1828,adaptive_conformal,192,48,36.1997
furin,outer_cv_oof_selected_after_cv,1,39133-31-8,furin,furin,,5.193,ridge,chemical_descriptors,13,{'alpha': 983.0},4.5695,1.0252,3.5443,5.5947,0.6235,0.6235,1.0,4,4,O=C(OCCc1ccccc1)c1ccccc1,murcko,1,1,1.0,>50%,0.2353,0.5484,0.2284,-0.4149,0.3727,adaptive_conformal,192,48,36.1997
furin,outer_cv_oof_selected_after_cv,1,135062-02-1,furin,furin,,4.247,ridge,chemical_descriptors,13,{'alpha': 983.0},4.5729,1.1018,3.4711,5.6747,-0.3259,0.3259,1.0,4,4,O=C(Cc1ccccc1)NCc1ccccc1N1CCCCC1,murcko,1,1,1.0,>50%,0.3018,0.7974,0.2812,-0.1639,0.5479,adaptive_conformal,192,48,36.1997
furin,outer_cv_oof_selected_after_cv,1,147526-32-7,furin,furin,,3.909,ridge,chemical_descriptors,13,{'alpha': 983.0},4.57,1.9527,2.6174,6.5227,-0.661,0.661,1.0,4,4,c1ccc(-c2cc(C3CC3)nc3ccccc23)cc1.c1ccc(-c2cc(C3CC3)nc3ccccc23)cc1,murcko,1,1,1.0,>50%,0.2414,0.7255,0.0482,-0.0364,0.0956,adaptive_conformal,192,48,36.1997
furin,outer_cv_oof_selected_after_cv,1,7279-75-6,furin,furin,,4.078,ridge,chemical_descriptors,13,{'alpha': 983.0},4.539,1.1485,3.3905,5.6875,-0.461,0.461,1.0,3,3,c1ccccc1,murcko,92,23,0.25,10-25%,0.2478,0.6027,0.211,-0.3164,-0.0836,adaptive_conformal,192,48,36.1997
furin,outer_cv_oof_selected_after_cv,1,167221-71-8,furin,furin,,3.778,ridge,chemical_descriptors,13,{'alpha': 983.0},4.5714,1.0212,3.5503,5.5926,-0.7934,0.7934,1.0,4,4,C1=CC(c2ccccc2)C=CN1,murcko,8,2,0.25,10-25%,0.1848,0.4724,0.1141,-0.1894,-0.0158,adaptive_conformal,192,48,36.1997
furin,outer_cv_oof_selected_after_cv,1,19171-19-8,furin,furin,,5.259,ridge,chemical_descriptors,13,{'alpha': 983.0},4.5685,1.2086,3.36,5.7771,0.6905,0.6905,1.0,4,4,O=C1CCC(N2C(=O)c3ccccc3C2=O)C(=O)N1,murcko,2,2,1.0,>50%,0.2962,0.7359,0.2396,0.2651,-0.4783,adaptive_conformal,192,48,36.1997
furin,outer_cv_oof_selected_after_cv,1,159351-69-6,furin,furin,,4.699,ridge,chemical_descriptors,13,{'alpha': 983.0},4.5663,1.508,3.0582,6.0743,0.1327,0.1327,1.0,4,4,O=C1CCC=CCC(=O)C[C@@H](CCC2CCCCC2)OC(=O)[C@@H]2CCCCN2C(=O)C(=O)C2CCC[C@@H](CC/C=C/C=C/C=C/CCC1)O2,murcko,3,1,0.3333,25-50%,0.2877,0.6601,0.3071,-0.0304,0.5465,adaptive_conformal,192,48,36.1997
furin,outer_cv_oof_selected_after_cv,1,57-83-0,furin,furin,,4.985,ridge,chemical_descriptors,13,{'alpha': 983.0},4.6349,1.0247,3.6102,5.6597,0.3501,0.3501,1.0,6,6,O=C1C=C2CC[C@H]3[C@@H]4CCCC4CC[C@@H]3C2CC1,murcko,5,3,0.6,>50%,0.3037,0.746,0.3118,0.3203,0.3032,adaptive_conformal,192,48,36.1997
furin,outer_cv_oof_selected_after_cv,1,645-05-6,furin,furin,,3.918,ridge,chemical_descriptors,13,{'alpha': 983.0},4.5648,1.001,3.5638,5.5657,-0.6468,0.6468,1.0,3,3,c1ncncn1,murcko,1,1,1.0,>50%,0.2518,0.6853,0.0926,0.0985,-0.1851,adaptive_conformal,192,48,36.1997
furin,outer_cv_oof_selected_after_cv,1,2668-66-8,furin,furin,,4.395,ridge,chemical_descriptors,13,{'alpha': 983.0},4.6207,1.0625,3.5582,5.6833,-0.2257,0.2257,1.0,6,6,O=C1C=C2CC[C@H]3[C@@H]4CCCC4CC[C@@H]3C2CC1,murcko,5,3,0.6,>50%,0.2566,0.5664,0.2236,0.1417,0.2965,adaptive_conformal,192,48,36.1997
furin,outer_cv_oof_selected_after_cv,1,603-50-9,furin,furin,,4.175,ridge,chemical_descriptors,13,{'alpha': 983.0},4.5945,1.1147,3.4799,5.7092,-0.4195,0.4195,1.0,5,5,c1ccc(C(c2ccccc2)c2ccccn2)cc1,murcko,2,1,0.5,25-50%,0.2211,0.6007,0.1692,0.2556,0.0643,adaptive_conformal,192,48,36.1997
furin,outer_cv_oof_selected_after_cv,1,15307-79-6,furin,furin,,4.37,ridge,chemical_descriptors,13,{'alpha': 983.0},4.5549,1.1247,3.4303,5.6796,-0.1849,0.1849,1.0,3,3,c1ccc(Nc2ccccc2)cc1,murcko,5,1,0.2,10-25%,0.0891,0.2687,0.0824,0.105,-0.1625,adaptive_conformal,192,48,36.1997
furin,outer_cv_oof_selected_after_cv,1,29094-61-9,furin,furin,,4.644,ridge,chemical_descriptors,13,{'alpha': 983.0},4.5484,1.1732,3.3752,5.7216,0.0956,0.0956,1.0,3,3,O=C(NC1CCCCC1)NS(=O)(=O)c1ccc(CCNC(=O)c2cnccn2)cc1,murcko,1,1,1.0,>50%,0.3334,0.8737,0.3075,-0.015,0.54,adaptive_conformal,192,48,36.1997
furin,outer_cv_oof_selected_after_cv,1,356-12-7,furin,furin,,4.07,ridge,chemical_descriptors,13,{'alpha': 983.0},4.6061,1.1421,3.464,5.7482,-0.5361,0.5361,1.0,5,5,O=C1C=CC2C(=C1)CC[C@@H]1C2CCC2C3OCO[C@@H]3C[C@H]21,murcko,3,1,0.3333,25-50%,0.3804,0.8579,0.3529,0.099,0.5558,adaptive_conformal,192,48,36.1997
furin,outer_cv_oof_selected_after_cv,1,149647-78-9,furin,furin,,4.114,ridge,chemical_descriptors,13,{'alpha': 983.0},4.5549,1.128,3.4269,5.683,-0.4409,0.4409,1.0,3,3,c1ccccc1,murcko,92,23,0.25,10-25%,0.3868,0.9162,0.1534,0.2892,-0.0557,adaptive_conformal,192,48,36.1997
furin,outer_cv_oof_selected_after_cv,1,19356-17-3,furin,furin,,4.304,ridge,chemical_descriptors,13,{'alpha': 983.0},4.6107,0.9535,3.6572,5.5642,-0.3067,0.3067,1.0,5,5,C=C1CCCC/C1=C/C=C1\CCCC2CCC[C@@H]12,murcko,3,1,0.3333,25-50%,0.3509,0.9348,0.3207,0.3026,0.3385,adaptive_conformal,192,48,36.1997
furin,outer_cv_oof_selected_after_cv,1,51481-61-9,furin,furin,,3.141,ridge,chemical_descriptors,13,{'alpha': 983.0},4.5573,1.4958,3.0615,6.0531,-1.4163,1.4163,1.0,3,3,c1c[nH]cn1,murcko,10,4,0.4,25-50%,0.1373,0.3604,0.0312,-0.0298,-0.0325,adaptive_conformal,192,48,36.1997
furin,outer_cv_oof_selected_after_cv,1,71963-77-4,furin,furin,,7.203,ridge,chemical_descriptors,13,{'alpha': 983.0},4.6366,1.0769,3.5597,5.7135,2.5664,2.5664,0.0,6,6,C1C[C@@H]2CCC3OO[C@@]24[C@@H](C1)CCO[C@@H]4O3,murcko,1,1,1.0,>50%,0.1234,0.3162,0.0927,-0.0696,0.1836,adaptive_conformal,192,48,36.1997
furin,outer_cv_oof_selected_after_cv,1,1070-11-7,furin,furin,,4.667,ridge,chemical_descriptors,13,{'alpha': 983.0},4.5319,1.0395,3.4925,5.5714,0.1351,0.1351,1.0,2,2,CC[C@H](CO)NCCN[C@H](CC)CO.Cl.Cl,acyclic,1,1,1.0,>50%,0.3411,0.8479,0.2276,0.2608,-0.4535,adaptive_conformal,192,48,36.1997
furin,outer_cv_oof_selected_after_cv,1,865-21-4,furin,furin,,4.191,ridge,chemical_descriptors,13,{'alpha': 983.0},4.6181,1.6629,2.9552,6.281,-0.4271,0.4271,1.0,6,6,C1=CC2CC[C@@H]3Nc4ccc(C5C[C@@H]6CCCN(CCc7c5[nH]c5ccccc75)C6)cc4[C@@]34CCN(C1)[C@@H]24,murcko,1,1,1.0,>50%,0.36,0.8113,0.3449,-0.0662,0.6277,adaptive_conformal,192,48,36.1997
furin,outer_cv_oof_selected_after_cv,2,1405-89-6,furin,furin,,4.207,ridge,chemical_descriptors,13,{'alpha': 897.0},4.3267,2.6272,1.6995,6.9539,-0.1197,0.1197,1.0,1,1,O=C1CNC(=O)CNC(=O)[C@H](Cc2cnc[nH]2)NC(=O)[C@@H](Cc2ccccc2)NC(=O)CNC(=O)CNC(=O)[C@@H](NC(=O)CNC(=O)CNC(=O)CNC(=O)C2CN=CS2)CCCCN1,murcko,1,1,1.0,>50%,0.2112,0.5899,0.1543,-0.2877,0.2408,adaptive_conformal,192,48,18.321
furin,outer_cv_oof_selected_after_cv,2,14028-44-5,furin,furin,,4.337,ridge,chemical_descriptors,13,{'alpha': 897.0},4.7182,1.1765,3.5417,5.8948,-0.3812,0.3812,1.0,8,8,c1ccc2c(c1)N=C(N1CCNCC1)c1ccccc1O2,murcko,2,1,0.5,25-50%,0.3611,0.8813,0.2965,-0.5706,0.1457,adaptive_conformal,192,48,18.321
furin,outer_cv_oof_selected_after_cv,2,56296-78-7,furin,furin,,4.706,ridge,chemical_descriptors,13,{'alpha': 897.0},4.6806,1.0067,3.6739,5.6873,0.0254,0.0254,1.0,8,8,c1ccc(COc2ccccc2)cc1,murcko,3,1,0.3333,25-50%,0.3561,0.7764,0.3777,-0.7336,0.2105,adaptive_conformal,192,48,18.321
furin,outer_cv_oof_selected_after_cv,2,122883-93-6,furin,furin,,4.621,ridge,chemical_descriptors,13,{'alpha': 897.0},4.7204,1.3585,3.3619,6.079,-0.0994,0.0994,1.0,8,8,O=C1Cc2cc(CCN3CCN(c4nsc5ccccc45)CC3)ccc2N1,murcko,1,1,1.0,>50%,0.1922,0.4403,0.2049,-0.2721,-0.1293,adaptive_conformal,192,48,18.321
furin,outer_cv_oof_selected_after_cv,2,668270-12-0,furin,furin,,4.299,ridge,chemical_descriptors,13,{'alpha': 897.0},4.6712,1.3941,3.2771,6.0653,-0.3722,0.3722,1.0,7,7,O=c1[nH]c2nc(N3CCCCC3)[nH]c2c(=O)n1Cc1ncc2ccccc2n1,murcko,1,1,1.0,>50%,0.1532,0.3869,0.1465,-0.1431,0.293,adaptive_conformal,192,48,18.321
furin,outer_cv_oof_selected_after_cv,2,163222-33-1,furin,furin,,5.896,ridge,chemical_descriptors,13,{'alpha': 897.0},4.6723,1.2056,3.4667,5.8778,1.2237,1.2237,0.0,7,7,O=C1[C@H](CCCc2ccccc2)[C@@H](c2ccccc2)N1c1ccccc1,murcko,1,1,1.0,>50%,0.1594,0.4485,0.1293,-0.2276,0.0075,adaptive_conformal,192,48,18.321
furin,outer_cv_oof_selected_after_cv,2,229975-97-7,furin,furin,,4.095,ridge,chemical_descriptors,13,{'alpha': 897.0},4.5191,1.5479,2.9713,6.067,-0.4241,0.4241,1.0,2,2,c1ccc(CCCCNCc2ccc(-c3ccccn3)cc2)cc1,murcko,1,1,1.0,>50%,0.3469,0.7666,0.2674,-0.5347,0.2602,adaptive_conformal,192,48,18.321
furin,outer_cv_oof_selected_after_cv,2,65277-42-1,furin,furin,,4.227,ridge,chemical_descriptors,13,{'alpha': 897.0},4.7003,1.3963,3.304,6.0967,-0.4733,0.4733,1.0,8,8,c1ccc([C@@]2(Cn3ccnc3)OC[C@H](COc3ccc(N4CCNCC4)cc3)O2)cc1,murcko,1,1,1.0,>50%,0.2876,0.8773,0.1774,0.1489,0.2044,adaptive_conformal,192,48,18.321
furin,outer_cv_oof_selected_after_cv,2,23256-50-0,furin,furin,,3.677,ridge,chemical_descriptors,13,{'alpha': 897.0},4.5449,0.8258,3.7191,5.3706,-0.8679,0.8679,0.0,3,3,c1ccccc1,murcko,92,23,0.25,10-25%,0.3255,0.7966,0.3267,-0.112,-0.5014,adaptive_conformal,192,48,18.321
furin,outer_cv_oof_selected_after_cv,2,54527-84-3,furin,furin,,4.239,ridge,chemical_descriptors,13,{'alpha': 897.0},4.5589,1.0558,3.5031,5.6147,-0.3199,0.3199,1.0,3,3,O=C(OCCNCc1ccccc1)C1=CNC=CC1c1ccccc1,murcko,1,1,1.0,>50%,0.3016,0.7289,0.2988,-0.5578,0.0932,adaptive_conformal,192,48,18.321
furin,outer_cv_oof_selected_after_cv,2,123318-82-1,furin,furin,,4.878,ridge,chemical_descriptors,13,{'alpha': 897.0},4.6285,1.012,3.6165,5.6404,0.2495,0.2495,1.0,6,6,c1ncc2ncn([C@H]3CCCO3)c2n1,murcko,7,2,0.2857,25-50%,0.3159,0.7748,0.2184,-0.2084,-0.2283,adaptive_conformal,192,48,18.321
furin,outer_cv_oof_selected_after_cv,2,50-28-2,furin,furin,,4.104,ridge,chemical_descriptors,13,{'alpha': 897.0},4.7101,1.3525,3.3576,6.0627,-0.6061,0.6061,1.0,8,8,c1ccc2c(c1)CCC1C2CCC2CCCC21,murcko,3,1,0.3333,25-50%,0.2313,0.5948,0.1461,-0.2649,0.0257,adaptive_conformal,192,48,18.321
furin,outer_cv_oof_selected_after_cv,2,62893-19-0,furin,furin,,3.713,ridge,chemical_descriptors,13,{'alpha': 897.0},4.5182,1.3415,3.1767,5.8596,-0.8052,0.8052,1.0,2,2,O=C1NCCN(C(=O)N[C@@H](C(=O)N[C@@H]2C(=O)N3C=C(CSc4nnn[nH]4)CS[C@H]23)c2ccccc2)C1=O,murcko,1,1,1.0,>50%,0.3124,0.8581,0.2855,-0.4547,0.5264,adaptive_conformal,192,48,18.321
furin,outer_cv_oof_selected_after_cv,2,72432-03-2,furin,furin,,4.07,ridge,chemical_descriptors,13,{'alpha': 897.0},4.5896,1.0717,3.5179,5.6613,-0.5196,0.5196,1.0,5,5,C1CCNCC1,murcko,1,1,1.0,>50%,0.1995,0.5719,0.1676,-0.1753,-0.1597,adaptive_conformal,192,48,18.321
furin,outer_cv_oof_selected_after_cv,2,61318-91-0,furin,furin,,4.293,ridge,chemical_descriptors,13,{'alpha': 897.0},4.6326,1.1354,3.4972,5.768,-0.3396,0.3396,1.0,6,6,c1ccc(CSC(Cn2ccnc2)c2ccccc2)cc1,murcko,1,1,1.0,>50%,0.2888,0.6239,0.1364,-0.2566,0.0483,adaptive_conformal,192,48,18.321
furin,outer_cv_oof_selected_after_cv,2,152459-95-5,furin,furin,,5.173,ridge,chemical_descriptors,13,{'alpha': 897.0},4.7043,1.4663,3.2381,6.1706,0.4687,0.4687,1.0,8,8,O=C(Nc1cccc(Nc2nccc(-c3cccnc3)n2)c1)c1ccc(CN2CCNCC2)cc1,murcko,2,1,0.5,25-50%,0.2023,0.5455,0.114,-0.066,-0.156,adaptive_conformal,192,48,18.321
furin,outer_cv_oof_selected_after_cv,2,319460-85-0,furin,furin,,4.662,ridge,chemical_descriptors,13,{'alpha': 897.0},4.7109,1.2567,3.4542,5.9676,-0.0489,0.0489,1.0,8,8,C(=C\c1n[nH]c2cc(Sc3ccccc3)ccc12)/c1ccccn1,murcko,1,1,1.0,>50%,0.2397,0.6199,0.1498,-0.1453,-0.1542,adaptive_conformal,192,48,18.321
furin,outer_cv_oof_selected_after_cv,2,82640-04-8,furin,furin,,4.586,ridge,chemical_descriptors,13,{'alpha': 897.0},4.6888,1.4999,3.1889,6.1888,-0.1028,0.1028,1.0,8,8,O=C(c1ccc(OCCN2CCCCC2)cc1)c1c(-c2ccccc2)sc2ccccc12,murcko,1,1,1.0,>50%,0.2119,0.5652,0.1518,-0.086,-0.2092,adaptive_conformal,192,48,18.321
furin,outer_cv_oof_selected_after_cv,2,366-70-1,furin,furin,,3.76,ridge,chemical_descriptors,13,{'alpha': 897.0},4.6064,0.8817,3.7247,5.4882,-0.8464,0.8464,1.0,5,5,c1ccccc1,murcko,92,23,0.25,10-25%,0.2709,0.7835,0.1771,-0.3505,0.2196,adaptive_conformal,192,48,18.321
furin,outer_cv_oof_selected_after_cv,2,59-67-6,furin,furin,,6.033,ridge,chemical_descriptors,13,{'alpha': 897.0},4.6539,0.8221,3.8319,5.476,1.3791,1.3791,0.0,7,7,c1ccncc1,murcko,11,4,0.3636,25-50%,0.3342,0.7625,0.323,0.4033,-0.6387,adaptive_conformal,192,48,18.321
furin,outer_cv_oof_selected_after_cv,2,89-57-6,furin,furin,,3.33,ridge,chemical_descriptors,13,{'alpha': 897.0},4.5825,0.7994,3.7831,5.3819,-1.2525,1.2525,0.0,4,4,c1ccccc1,murcko,92,23,0.25,10-25%,0.3254,0.784,0.2627,0.2655,-0.5255,adaptive_conformal,192,48,18.321
furin,outer_cv_oof_selected_after_cv,2,2022-85-7,furin,furin,,4.152,ridge,chemical_descriptors,13,{'alpha': 897.0},4.6422,0.7772,3.865,5.4193,-0.4902,0.4902,1.0,7,7,O=c1nccc[nH]1,murcko,2,2,1.0,>50%,0.2705,0.6128,0.1625,0.1125,-0.3204,adaptive_conformal,192,48,18.321
furin,outer_cv_oof_selected_after_cv,2,50-44-2,furin,furin,,5.249,ridge,chemical_descriptors,13,{'alpha': 897.0},4.6179,0.869,3.7489,5.4869,0.6311,0.6311,1.0,6,6,c1ncc2[nH]cnc2n1,murcko,1,1,1.0,>50%,0.3779,0.9572,0.358,0.4467,-0.7081,adaptive_conformal,192,48,18.321
furin,outer_cv_oof_selected_after_cv,2,29767-20-2,furin,furin,,6.866,ridge,chemical_descriptors,13,{'alpha': 897.0},4.6684,1.8682,2.8002,6.5367,2.1976,2.1976,0.0,7,7,O=C1OC[C@H]2[C@H]1[C@H](c1ccccc1)c1cc3c(cc1[C@H]2O[C@H]1CC[C@@H]2O[C@H](c4cccs4)OC[C@H]2O1)OCO3,murcko,1,1,1.0,>50%,0.1561,0.3861,0.1464,0.287,-0.1937,adaptive_conformal,192,48,18.321
furin,outer_cv_oof_selected_after_cv,2,10347-81-6,furin,furin,,5.273,ridge,chemical_descriptors,13,{'alpha': 897.0},4.7013,1.3732,3.3281,6.0745,0.5717,0.5717,1.0,8,8,c1ccc2c(c1)C1CCC2c2ccccc21,murcko,1,1,1.0,>50%,0.3039,0.8613,0.1659,-0.0566,0.3115,adaptive_conformal,192,48,18.321
furin,outer_cv_oof_selected_after_cv,2,49562-28-9,furin,furin,,3.659,ridge,chemical_descriptors,13,{'alpha': 897.0},4.6159,0.9635,3.6524,5.5794,-0.9569,0.9569,1.0,6,6,O=C(c1ccccc1)c1ccccc1,murcko,5,2,0.4,25-50%,0.2636,0.5645,0.2156,-0.4237,0.2813,adaptive_conformal,192,48,18.321
furin,outer_cv_oof_selected_after_cv,2,315-30-0,furin,furin,,5.063,ridge,chemical_descriptors,13,{'alpha': 897.0},4.6683,0.8411,3.8272,5.5093,0.3947,0.3947,1.0,7,7,c1ncc2cn[nH]c2n1,murcko,1,1,1.0,>50%,0.3406,0.7828,0.2677,-0.1822,-0.345,adaptive_conformal,192,48,18.321
furin,outer_cv_oof_selected_after_cv,2,1405-10-3,furin,furin,,3.645,ridge,chemical_descriptors,13,{'alpha': 897.0},4.3655,2.4704,1.8952,6.8359,-0.7205,0.7205,1.0,1,1,C1CC[C@@H](O[C@@H]2CO[C@@H](O[C@@H]3CCCC[C@H]3O[C@@H]3CCCCO3)C2)OC1,murcko,2,1,0.5,25-50%,0.2084,0.5796,0.1566,-0.2967,0.0615,adaptive_conformal,192,48,18.321
furin,outer_cv_oof_selected_after_cv,2,58-14-0,furin,furin,,4.513,ridge,chemical_descriptors,13,{'alpha': 897.0},4.674,0.8934,3.7806,5.5673,-0.161,0.161,1.0,7,7,c1ccc(-c2cncnc2)cc1,murcko,1,1,1.0,>50%,0.2995,0.6848,0.2282,-0.1819,-0.2715,adaptive_conformal,192,48,18.321
furin,outer_cv_oof_selected_after_cv,2,160970-54-7,furin,furin,,3.494,ridge,chemical_descriptors,13,{'alpha': 897.0},4.5939,1.0603,3.5337,5.6542,-1.0999,1.0999,0.0,5,5,c1ccc(OCCNCCc2ccc3c(c2)CCN3)cc1,murcko,1,1,1.0,>50%,0.3351,0.9506,0.3205,-0.5264,0.5799,adaptive_conformal,192,48,18.321
furin,outer_cv_oof_selected_after_cv,2,95233-18-4,furin,furin,,5.451,ridge,chemical_descriptors,13,{'alpha': 897.0},4.7163,1.2426,3.4737,5.9589,0.7347,0.7347,1.0,8,8,O=C1C=C([C@H]2CC[C@H](c3ccccc3)CC2)C(=O)c2ccccc21,murcko,1,1,1.0,>50%,0.2349,0.5706,0.021,-0.0021,-0.0353,adaptive_conformal,192,48,18.321
furin,outer_cv_oof_selected_after_cv,2,91374-20-8,furin,furin,,4.266,ridge,chemical_descriptors,13,{'alpha': 897.0},4.6587,1.0887,3.5701,5.7474,-0.3927,0.3927,1.0,7,7,O=C1Cc2ccccc2N1,murcko,1,1,1.0,>50%,0.2226,0.564,0.2372,-0.4584,0.1231,adaptive_conformal,192,48,18.321
furin,outer_cv_oof_selected_after_cv,2,2508-72-7,furin,furin,,3.385,ridge,chemical_descriptors,13,{'alpha': 897.0},4.6873,1.032,3.6553,5.7193,-1.3023,1.3023,0.0,8,8,c1ccc(CN(CC2=NCCN2)c2ccccc2)cc1,murcko,1,1,1.0,>50%,0.2478,0.7125,0.21,-0.3485,0.3772,adaptive_conformal,192,48,18.321
furin,outer_cv_oof_selected_after_cv,2,85371-64-8,furin,furin,,5.095,ridge,chemical_descriptors,13,{'alpha': 897.0},4.5547,0.9456,3.6092,5.5003,0.5403,0.5403,1.0,3,3,c1ccncc1,murcko,11,4,0.3636,25-50%,0.2338,0.7027,0.1809,-0.3593,0.2162,adaptive_conformal,192,48,18.321
furin,outer_cv_oof_selected_after_cv,2,115256-11-6,furin,furin,,4.932,ridge,chemical_descriptors,13,{'alpha': 897.0},4.6171,0.8858,3.7313,5.5028,0.3149,0.3149,1.0,6,6,c1ccc(CCNCCOc2ccccc2)cc1,murcko,1,1,1.0,>50%,0.3083,0.7766,0.2133,-0.3939,0.3386,adaptive_conformal,192,48,18.321
furin,outer_cv_oof_selected_after_cv,2,40828-46-4,furin,furin,,3.773,ridge,chemical_descriptors,13,{'alpha': 897.0},4.6487,0.906,3.7427,5.5546,-0.8757,0.8757,1.0,7,7,O=C(c1ccccc1)c1cccs1,murcko,1,1,1.0,>50%,0.2757,0.7267,0.174,0.0464,-0.3218,adaptive_conformal,192,48,18.321
furin,outer_cv_oof_selected_after_cv,2,58-96-8,furin,furin,,4.334,ridge,chemical_descriptors,13,{'alpha': 897.0},4.6156,0.9302,3.6854,5.5457,-0.2816,0.2816,1.0,6,6,O=c1ccn([C@H]2CCCO2)c(=O)[nH]1,murcko,5,1,0.2,10-25%,0.2933,0.7953,0.1799,0.1987,-0.3592,adaptive_conformal,192,48,18.321
furin,outer_cv_oof_selected_after_cv,2,3366-95-8,furin,furin,,4.414,ridge,chemical_descriptors,13,{'alpha': 897.0},4.5835,0.9559,3.6276,5.5394,-0.1695,0.1695,1.0,5,5,c1c[nH]cn1,murcko,10,4,0.4,25-50%,0.1658,0.4563,0.1597,-0.0409,-0.2539,adaptive_conformal,192,48,18.321
furin,outer_cv_oof_selected_after_cv,2,211914-51-1,furin,furin,,4.591,ridge,chemical_descriptors,13,{'alpha': 897.0},4.6028,1.3174,3.2854,5.9202,-0.0118,0.0118,1.0,5,5,O=C(Nc1ccccn1)c1ccc2[nH]c(CNc3ccccc3)nc2c1,murcko,2,2,1.0,>50%,0.2886,0.7504,0.1663,0.2387,0.0812,adaptive_conformal,192,48,18.321
furin,outer_cv_oof_selected_after_cv,2,57248-88-1,furin,furin,,3.923,ridge,chemical_descriptors,13,{'alpha': 897.0},4.4768,1.0669,3.4099,5.5437,-0.5538,0.5538,1.0,2,2,NCCC(O)(P(=O)([O-])O)P(=O)([O-])O.[Na+].[Na+],acyclic,1,1,1.0,>50%,0.3195,0.7432,0.109,0.1398,0.075,adaptive_conformal,192,48,18.321
furin,outer_cv_oof_selected_after_cv,2,96036-03-2,furin,furin,,5.099,ridge,chemical_descriptors,13,{'alpha': 897.0},4.5918,1.0749,3.5169,5.6668,0.5072,0.5072,1.0,5,5,O=C1CC2CC(S[C@H]3CCNC3)=CN12,murcko,1,1,1.0,>50%,0.3783,0.9372,0.3467,-0.3728,0.6926,adaptive_conformal,192,48,18.321
furin,outer_cv_oof_selected_after_cv,2,100299-08-9,furin,furin,,4.464,ridge,chemical_descriptors,13,{'alpha': 897.0},4.6398,0.9392,3.7006,5.5791,-0.1758,0.1758,1.0,7,7,O=c1c(-c2nnn[n-]2)cnc2ccccn12,murcko,1,1,1.0,>50%,0.299,0.8203,0.1844,-0.2883,-0.055,adaptive_conformal,192,48,18.321
furin,outer_cv_oof_selected_after_cv,2,103177-37-3,furin,furin,,5.179,ridge,chemical_descriptors,13,{'alpha': 897.0},4.6729,1.5343,3.1387,6.2072,0.5061,0.5061,1.0,7,7,O=C(Nc1cccc2c(=O)cc(-c3nnn[nH]3)oc12)c1ccc(OCCCCc2ccccc2)cc1,murcko,1,1,1.0,>50%,0.3034,0.8207,0.1566,-0.2863,0.2531,adaptive_conformal,192,48,18.321
furin,outer_cv_oof_selected_after_cv,2,52-01-7,furin,furin,,5.852,ridge,chemical_descriptors,13,{'alpha': 897.0},4.677,1.4867,3.1903,6.1638,1.175,1.175,1.0,8,8,O=C1C=C2CCC3C(CCC4C3CCC43CCC(=O)O3)C2CC1,murcko,1,1,1.0,>50%,0.2528,0.7219,0.1765,0.0125,0.2992,adaptive_conformal,192,48,18.321
furin,outer_cv_oof_selected_after_cv,2,23964-57-0,furin,furin,,4.795,ridge,chemical_descriptors,13,{'alpha': 897.0},4.6065,0.9059,3.7006,5.5124,0.1885,0.1885,1.0,5,5,c1ccsc1,murcko,1,1,1.0,>50%,0.2913,0.8018,0.22,-0.3784,-0.0051,adaptive_conformal,192,48,18.321
furin,outer_cv_oof_selected_after_cv,2,88889-14-9,furin,furin,,4.281,ridge,chemical_descriptors,13,{'alpha': 897.0},4.4599,1.1222,3.3378,5.5821,-0.1789,0.1789,1.0,1,1,O=C(C[PH](=O)CCCCc1ccccc1)N1CC[C@@H](C2CCCCC2)C1,murcko,1,1,1.0,>50%,0.3262,0.8258,0.1109,-0.0166,0.1998,adaptive_conformal,192,48,18.321
furin,outer_cv_oof_selected_after_cv,2,138402-11-6,furin,furin,,4.218,ridge,chemical_descriptors,13,{'alpha': 897.0},4.7045,1.3846,3.3199,6.0891,-0.4865,0.4865,1.0,8,8,O=C1N(Cc2ccc(-c3ccccc3-c3nnn[nH]3)cc2)C=NC12CCCC2,murcko,1,1,1.0,>50%,0.3633,0.9596,0.2673,-0.4992,0.4155,adaptive_conformal,192,48,18.321
furin,outer_cv_oof_selected_after_cv,2,1069-66-5,furin,furin,,4.299,ridge,chemical_descriptors,13,{'alpha': 897.0},4.5785,1.1345,3.444,5.7129,-0.2795,0.2795,1.0,4,4,CCCC(CCC)C(=O)[O-].[Na+],acyclic,1,1,1.0,>50%,0.1183,0.3164,0.1222,-0.1659,-0.0725,adaptive_conformal,192,48,18.321
furin,outer_cv_oof_selected_after_cv,2,60-32-2,furin,furin,,4.841,ridge,chemical_descriptors,13,{'alpha': 897.0},4.5857,1.1032,3.4825,5.6888,0.2553,0.2553,1.0,5,5,NCCCCCC(=O)O,acyclic,1,1,1.0,>50%,0.3401,0.9054,0.3373,0.4197,-0.6672,adaptive_conformal,192,48,18.321
furin,outer_cv_oof_selected_after_cv,2,13647-35-3,furin,furin,,4.051,ridge,chemical_descriptors,13,{'alpha': 897.0},4.6719,1.4776,3.1943,6.1495,-0.6209,0.6209,1.0,7,7,C1=C[C@H]2O[C@]23CC[C@H]2[C@@H]4CCCC4CC[C@@H]2C3C1,murcko,1,1,1.0,>50%,0.397,0.8525,0.2988,0.3707,0.2206,adaptive_conformal,192,48,18.321
furin,outer_cv_oof_selected_after_cv,2,68-35-9,furin,furin,,3.939,ridge,chemical_descriptors,13,{'alpha': 897.0},4.6267,0.7771,3.8496,5.4038,-0.6877,0.6877,1.0,6,6,O=S(=O)(Nc1ncccn1)c1ccccc1,murcko,4,3,0.75,>50%,0.2382,0.5817,0.1503,0.2693,-0.0189,adaptive_conformal,192,48,18.321
furin,outer_cv_oof_selected_after_cv,2,23674-86-4,furin,furin,,3.574,ridge,chemical_descriptors,13,{'alpha': 897.0},4.6198,1.2577,3.362,5.8775,-1.0458,1.0458,1.0,6,6,O=C1C=CC2C(=C1)CC[C@@H]1C2CCC2CCC[C@H]21,murcko,11,4,0.3636,25-50%,0.4335,0.9381,0.4234,-0.1996,0.8126,adaptive_conformal,192,48,18.321
furin,outer_cv_oof_selected_after_cv,2,144-83-2,furin,furin,,3.976,ridge,chemical_descriptors,13,{'alpha': 897.0},4.6334,0.8043,3.8291,5.4376,-0.6574,0.6574,1.0,6,6,O=S(=O)(Nc1ccccn1)c1ccccc1,murcko,1,1,1.0,>50%,0.168,0.3996,0.1799,0.3048,-0.3181,adaptive_conformal,192,48,18.321
furin,outer_cv_oof_selected_after_cv,2,2447-57-6,furin,furin,,4.584,ridge,chemical_descriptors,13,{'alpha': 897.0},4.6125,0.7922,3.8203,5.4047,-0.0285,0.0285,1.0,6,6,O=S(=O)(Nc1ccncn1)c1ccccc1,murcko,2,1,0.5,25-50%,0.1327,0.2896,0.1179,0.2345,-0.1381,adaptive_conformal,192,48,18.321
furin,outer_cv_oof_selected_after_cv,2,101152-94-7,furin,furin,,4.736,ridge,chemical_descriptors,13,{'alpha': 897.0},4.66,1.0842,3.5758,5.7443,0.076,0.076,1.0,7,7,c1ccc(C2CC2)cc1,murcko,1,1,1.0,>50%,0.1337,0.3354,0.0968,-0.1832,0.0374,adaptive_conformal,192,48,18.321
furin,outer_cv_oof_selected_after_cv,2,434-13-9,furin,furin,,5.351,ridge,chemical_descriptors,13,{'alpha': 897.0},4.6859,1.4967,3.1892,6.1825,0.6651,0.6651,1.0,8,8,C1CC[C@H]2CC[C@H]3[C@@H]4CCCC4CC[C@@H]3C2C1,murcko,1,1,1.0,>50%,0.3634,0.8803,0.359,0.6171,0.0093,adaptive_conformal,192,48,18.321
furin,outer_cv_oof_selected_after_cv,2,137862-53-4,furin,furin,,4.773,ridge,chemical_descriptors,13,{'alpha': 897.0},4.6558,1.1274,3.5284,5.7832,0.1172,0.1172,1.0,7,7,c1ccc(-c2ccccc2-c2nnn[nH]2)cc1,murcko,1,1,1.0,>50%,0.3892,0.8064,0.3528,-0.7055,0.3402,adaptive_conformal,192,48,18.321
furin,outer_cv_oof_selected_after_cv,2,19774-82-4,furin,furin,,4.723,ridge,chemical_descriptors,13,{'alpha': 897.0},4.6185,1.2422,3.3763,5.8607,0.1045,0.1045,1.0,6,6,O=C(c1ccccc1)c1coc2ccccc12,murcko,3,1,0.3333,25-50%,0.1767,0.4429,0.033,-0.0563,-0.0018,adaptive_conformal,192,48,18.321
furin,outer_cv_oof_selected_after_cv,2,145040-37-5,furin,furin,,5.419,ridge,chemical_descriptors,13,{'alpha': 897.0},4.653,1.8066,2.8464,6.4596,0.766,0.766,1.0,7,7,O=C(OCOC(=O)c1cccc2ncn(Cc3ccc(-c4ccccc4-c4nnn[nH]4)cc3)c12)OC1CCCCC1,murcko,1,1,1.0,>50%,0.2585,0.6328,0.0333,-0.0649,0.0452,adaptive_conformal,192,48,18.321
furin,outer_cv_oof_selected_after_cv,2,52-21-1,furin,furin,,6.654,ridge,chemical_descriptors,13,{'alpha': 897.0},4.6305,1.2394,3.3911,5.8699,2.0235,2.0235,0.0,6,6,O=C1C=CC2C(=C1)CC[C@H]1[C@@H]3CCCC3CC[C@H]21,murcko,3,2,0.6667,>50%,0.3801,0.8704,0.413,-0.0321,0.7308,adaptive_conformal,192,48,18.321
furin,outer_cv_oof_selected_after_cv,3,68-19-9,furin,furin,,3.474,ridge,chemical_descriptors,13,{'alpha': 2.04},4.1905,5.43,-1.2395,9.6204,-0.7165,0.7165,1.0,1,1,O=C(CCC1C[C@H]2N=C1C=C1CCC(=N1)/C=C1/CCC(=N1)/C=C1/CCC2[N-]1)NCCO[PH](=O)O[C@@H]1CO[C@H](n2cnc3ccccc32)C1,murcko,1,1,1.0,>50%,0.1316,0.3455,0.0807,-0.0644,0.1604,adaptive_conformal,192,48,12.1175
furin,outer_cv_oof_selected_after_cv,3,83-88-5,furin,furin,,5.094,ridge,chemical_descriptors,13,{'alpha': 2.04},4.6228,1.0418,3.5811,5.6646,0.4712,0.4712,1.0,6,6,O=c1nc2[nH]c3ccccc3nc-2c(=O)[nH]1,murcko,1,1,1.0,>50%,0.1603,0.3756,0.158,0.0443,-0.2931,adaptive_conformal,192,48,12.1175
furin,outer_cv_oof_selected_after_cv,3,79307-93-0,furin,furin,,4.594,ridge,chemical_descriptors,13,{'alpha': 2.04},4.6174,1.3277,3.2897,5.945,-0.0234,0.0234,1.0,6,6,O=c1c2ccccc2c(Cc2ccccc2)nn1C1CCCNCC1,murcko,1,1,1.0,>50%,0.3955,0.947,0.3833,-0.7611,0.4595,adaptive_conformal,192,48,12.1175
furin,outer_cv_oof_selected_after_cv,3,83915-83-7,furin,furin,,4.203,ridge,chemical_descriptors,13,{'alpha': 2.04},4.5091,2.7058,1.8033,7.2148,-0.3061,0.3061,1.0,2,2,O=C(CNCCCc1ccccc1)N1CCCC1,murcko,2,1,0.5,25-50%,0.3007,0.7586,0.194,-0.348,0.0256,adaptive_conformal,192,48,12.1175
furin,outer_cv_oof_selected_after_cv,3,548-73-2,furin,furin,,4.762,ridge,chemical_descriptors,13,{'alpha': 2.04},4.5597,1.5096,3.0501,6.0693,0.2023,0.2023,1.0,3,3,O=C(CCCN1CC=C(n2c(=O)[nH]c3ccccc32)CC1)c1ccccc1,murcko,1,1,1.0,>50%,0.318,0.806,0.3417,-0.6438,0.1233,adaptive_conformal,192,48,12.1175
furin,outer_cv_oof_selected_after_cv,3,101827-46-7,furin,furin,,4.513,ridge,chemical_descriptors,13,{'alpha': 2.04},4.6484,1.4806,3.1678,6.129,-0.1354,0.1354,1.0,7,7,c1ccc(CNCc2cccc3ccccc23)cc1,murcko,1,1,1.0,>50%,0.3006,0.8937,0.2491,-0.4978,0.2326,adaptive_conformal,192,48,12.1175
furin,outer_cv_oof_selected_after_cv,3,50357-45-4,furin,furin,,5.356,ridge,chemical_descriptors,13,{'alpha': 2.04},4.495,1.8679,2.6271,6.3629,0.861,0.861,1.0,2,2,c1ccc(OCCCCCOc2ccccc2)cc1,murcko,1,1,1.0,>50%,0.1734,0.5174,0.1176,-0.0581,-0.1684,adaptive_conformal,192,48,12.1175
furin,outer_cv_oof_selected_after_cv,3,179324-69-7,furin,furin,,4.381,ridge,chemical_descriptors,13,{'alpha': 2.04},4.5453,0.7717,3.7736,5.317,-0.1643,0.1643,1.0,3,3,O=C(NCCc1ccccc1)c1cnccn1,murcko,1,1,1.0,>50%,0.2778,0.7844,0.1189,-0.1884,-0.0313,adaptive_conformal,192,48,12.1175
furin,outer_cv_oof_selected_after_cv,3,132539-06-1,furin,furin,,4.002,ridge,chemical_descriptors,13,{'alpha': 2.04},4.7972,1.6365,3.1607,6.4337,-0.7952,0.7952,1.0,9,9,c1ccc2c(c1)N=C(N1CCNCC1)c1ccsc1N2,murcko,1,1,1.0,>50%,0.3032,0.7619,0.2105,-0.4152,0.1472,adaptive_conformal,192,48,12.1175
furin,outer_cv_oof_selected_after_cv,3,79559-97-0,furin,furin,,4.058,ridge,chemical_descriptors,13,{'alpha': 2.04},4.6118,1.2105,3.4012,5.8223,-0.5538,0.5538,1.0,5,5,c1ccc([C@@H]2CCCc3ccccc32)cc1,murcko,1,1,1.0,>50%,0.3779,0.841,0.2879,-0.5756,0.3022,adaptive_conformal,192,48,12.1175
furin,outer_cv_oof_selected_after_cv,3,274693-27-5,furin,furin,,4.108,ridge,chemical_descriptors,13,{'alpha': 2.04},4.9037,2.3251,2.5786,7.2288,-0.7957,0.7957,1.0,10,10,c1ccc([C@@H]2C[C@H]2Nc2ncnc3c2nnn3C2CCCC2)cc1,murcko,1,1,1.0,>50%,0.3298,0.8287,0.2077,-0.4139,0.2381,adaptive_conformal,192,48,12.1175
furin,outer_cv_oof_selected_after_cv,3,148849-67-6,furin,furin,,4.592,ridge,chemical_descriptors,13,{'alpha': 2.04},4.7055,1.0828,3.6227,5.7884,-0.1135,0.1135,1.0,8,8,O=C1Cc2ccccc2CCN1CCCNC[C@H]1Cc2ccccc21,murcko,1,1,1.0,>50%,0.2864,0.8594,0.2555,-0.5109,0.2505,adaptive_conformal,192,48,12.1175
furin,outer_cv_oof_selected_after_cv,3,443913-73-3,furin,furin,,4.286,ridge,chemical_descriptors,13,{'alpha': 2.04},4.7664,1.3062,3.4602,6.0725,-0.4804,0.4804,1.0,9,9,c1ccc(Nc2ncnc3cc(OCC4CCNCC4)ccc23)cc1,murcko,1,1,1.0,>50%,0.377,0.9179,0.4141,-0.8279,0.394,adaptive_conformal,192,48,12.1175
furin,outer_cv_oof_selected_after_cv,3,536-33-4,furin,furin,,7.306,ridge,chemical_descriptors,13,{'alpha': 2.04},4.5767,0.7288,3.8479,5.3055,2.7293,2.7293,0.0,4,4,c1ccncc1,murcko,11,4,0.3636,25-50%,0.3284,0.7628,0.277,0.1345,-0.5327,adaptive_conformal,192,48,12.1175
furin,outer_cv_oof_selected_after_cv,3,25332-39-2,furin,furin,,5.174,ridge,chemical_descriptors,13,{'alpha': 2.04},4.6103,1.3807,3.2297,5.991,0.5637,0.5637,1.0,5,5,O=c1n(CCCN2CCN(c3ccccc3)CC2)nc2ccccn12,murcko,1,1,1.0,>50%,0.1989,0.5028,0.1047,-0.2059,0.0697,adaptive_conformal,192,48,12.1175
furin,outer_cv_oof_selected_after_cv,3,100643-71-8,furin,furin,,3.914,ridge,chemical_descriptors,13,{'alpha': 2.04},4.6516,1.3675,3.2842,6.0191,-0.7376,0.7376,1.0,7,7,c1ccc2c(c1)CCc1cccnc1C2=C1CCNCC1,murcko,3,1,0.3333,25-50%,0.3064,0.7503,0.2282,-0.4398,0.1141,adaptive_conformal,192,48,12.1175
furin,outer_cv_oof_selected_after_cv,3,2627-69-2,furin,furin,,4.559,ridge,chemical_descriptors,13,{'alpha': 2.04},4.8176,0.7383,4.0793,5.5559,-0.2586,0.2586,1.0,9,9,c1cn([C@H]2CCCO2)cn1,murcko,2,1,0.5,25-50%,0.3573,0.8169,0.3059,-0.1438,-0.4432,adaptive_conformal,192,48,12.1175
furin,outer_cv_oof_selected_after_cv,3,154-69-8,furin,furin,,4.199,ridge,chemical_descriptors,13,{'alpha': 2.04},4.6275,1.1169,3.5105,5.7444,-0.4285,0.4285,1.0,6,6,c1ccc(CNc2ccccn2)cc1,murcko,2,1,0.5,25-50%,0.2411,0.5886,0.163,-0.3192,0.1023,adaptive_conformal,192,48,12.1175
furin,outer_cv_oof_selected_after_cv,3,134308-13-7,furin,furin,,4.591,ridge,chemical_descriptors,13,{'alpha': 2.04},4.4562,1.5103,2.9459,5.9664,0.1348,0.1348,1.0,1,1,O=C(c1ccccc1)c1ccccc1,murcko,5,2,0.4,25-50%,0.2852,0.7353,0.1633,-0.2005,-0.1231,adaptive_conformal,192,48,12.1175
furin,outer_cv_oof_selected_after_cv,3,75706-12-6,furin,furin,,5.226,ridge,chemical_descriptors,13,{'alpha': 2.04},4.546,1.0078,3.5382,5.5538,0.68,0.68,1.0,3,3,O=C(Nc1ccccc1)c1cnoc1,murcko,1,1,1.0,>50%,0.2187,0.4288,0.2102,-0.2399,-0.1791,adaptive_conformal,192,48,12.1175
furin,outer_cv_oof_selected_after_cv,3,4205-91-8,furin,furin,,4.925,ridge,chemical_descriptors,13,{'alpha': 2.04},4.6063,1.6939,2.9124,6.3002,0.3187,0.3187,1.0,5,5,c1ccc(NC2=NCCN2)cc1,murcko,1,1,1.0,>50%,0.2495,0.5676,0.2776,-0.4291,-0.0906,adaptive_conformal,192,48,12.1175
furin,outer_cv_oof_selected_after_cv,3,183319-69-9,furin,furin,,4.312,ridge,chemical_descriptors,13,{'alpha': 2.04},4.674,1.7007,2.9732,6.3747,-0.362,0.362,1.0,8,8,c1ccc(Nc2ncnc3ccccc23)cc1,murcko,2,2,1.0,>50%,0.2397,0.6075,0.2589,-0.5019,0.1403,adaptive_conformal,192,48,12.1175
furin,outer_cv_oof_selected_after_cv,3,93-14-1,furin,furin,,4.771,ridge,chemical_descriptors,13,{'alpha': 2.04},4.7408,1.0712,3.6696,5.8121,0.0302,0.0302,1.0,9,9,c1ccccc1,murcko,92,23,0.25,10-25%,0.2273,0.4939,0.2128,-0.2418,-0.1824,adaptive_conformal,192,48,12.1175
furin,outer_cv_oof_selected_after_cv,3,56180-94-0,furin,furin,,3.751,ridge,chemical_descriptors,13,{'alpha': 2.04},4.691,5.3875,-0.6965,10.0786,-0.94,0.94,1.0,8,8,C1=C[C@H](N[C@H]2CC[C@@H](O[C@H]3CCCOC3)OC2)CCC1,murcko,1,1,1.0,>50%,0.1672,0.4597,0.0598,-0.0827,-0.0334,adaptive_conformal,192,48,12.1175
furin,outer_cv_oof_selected_after_cv,3,156-57-0,furin,furin,,3.552,ridge,chemical_descriptors,13,{'alpha': 2.04},5.0425,1.9129,3.1296,6.9554,-1.4905,1.4905,1.0,10,10,Cl.NCCS,acyclic,1,1,1.0,>50%,0.4545,0.9589,0.4128,0.2595,-0.8086,adaptive_conformal,192,48,12.1175
furin,outer_cv_oof_selected_after_cv,3,51803-78-2,furin,furin,,5.039,ridge,chemical_descriptors,13,{'alpha': 2.04},4.4808,1.4067,3.074,5.8875,0.5582,0.5582,1.0,2,2,c1ccc(Oc2ccccc2)cc1,murcko,5,3,0.6,>50%,0.1832,0.4839,0.1861,0.3144,-0.3298,adaptive_conformal,192,48,12.1175
furin,outer_cv_oof_selected_after_cv,3,53994-73-3,furin,furin,,3.705,ridge,chemical_descriptors,13,{'alpha': 2.04},4.4577,1.5899,2.8678,6.0476,-0.7527,0.7527,1.0,1,1,O=C(Cc1ccccc1)N[C@@H]1C(=O)N2C=CCS[C@H]12,murcko,3,1,0.3333,25-50%,0.388,0.9088,0.2858,0.1854,0.3756,adaptive_conformal,192,48,12.1175
furin,outer_cv_oof_selected_after_cv,3,101-26-8,furin,furin,,6.147,ridge,chemical_descriptors,13,{'alpha': 2.04},4.2098,1.5829,2.6269,5.7927,1.9372,1.9372,0.0,1,1,c1cc[nH+]cc1,murcko,3,1,0.3333,25-50%,0.285,0.6628,0.2068,0.0591,-0.384,adaptive_conformal,192,48,12.1175
furin,outer_cv_oof_selected_after_cv,3,3424-98-4,furin,furin,,4.123,ridge,chemical_descriptors,13,{'alpha': 2.04},4.7597,0.9231,3.8366,5.6827,-0.6367,0.6367,1.0,9,9,O=c1ccn([C@@H]2CCCO2)c(=O)[nH]1,murcko,1,1,1.0,>50%,0.2333,0.6358,0.2081,0.2909,-0.4032,adaptive_conformal,192,48,12.1175
furin,outer_cv_oof_selected_after_cv,3,3543-75-7,furin,furin,,4.829,ridge,chemical_descriptors,13,{'alpha': 2.04},4.6074,1.439,3.1683,6.0464,0.2216,0.2216,1.0,5,5,c1ccc2[nH]cnc2c1,murcko,5,1,0.2,10-25%,0.2631,0.7115,0.2174,-0.4225,0.1224,adaptive_conformal,192,48,12.1175
furin,outer_cv_oof_selected_after_cv,3,117-37-3,furin,furin,,5.089,ridge,chemical_descriptors,13,{'alpha': 2.04},4.5524,0.774,3.7783,5.3264,0.5366,0.5366,1.0,3,3,O=C1c2ccccc2C(=O)C1c1ccccc1,murcko,2,1,0.5,25-50%,0.3081,0.7134,0.2489,-0.1478,-0.3378,adaptive_conformal,192,48,12.1175
furin,outer_cv_oof_selected_after_cv,3,188062-50-2,furin,furin,,4.394,ridge,chemical_descriptors,13,{'alpha': 2.04},5.0057,3.4416,1.564,8.4473,-0.6117,0.6117,1.0,10,10,C1=C[C@H](n2cnc3c(NC4CC4)ncnc32)CC1.C1=C[C@H](n2cnc3c(NC4CC4)ncnc32)CC1,murcko,1,1,1.0,>50%,0.254,0.6463,0.055,-0.0826,0.1043,adaptive_conformal,192,48,12.1175
furin,outer_cv_oof_selected_after_cv,3,70288-86-7,furin,furin,,4.354,ridge,chemical_descriptors,13,{'alpha': 2.04},4.3878,7.7451,-3.3573,12.1329,-0.0338,0.0338,1.0,1,1,O=C1O[C@H]2C[C@@H](C/C=C/[C@@H](O[C@H]3CC[C@@H](O[C@H]4CCCCO4)CO3)C/C=C/C=C3\CO[C@@H]4CC=C[C@@H]1C34)O[C@@]1(CCCCO1)C2.O=C1O[C@H]2C[C@@H](CC=C[C@@H](O[C@H]3CC[C@@H](O[C@H]4CCCCO4)CO3)C/C=C/C=C3\CO[C@@H]4CC=C[C@@H]1C34)O[C@@]1(CCCCO1)C2,murcko,1,1,1.0,>50%,0.2837,0.8201,0.2225,0.0255,0.372,adaptive_conformal,192,48,12.1175
furin,outer_cv_oof_selected_after_cv,3,23651-95-8,furin,furin,,4.224,ridge,chemical_descriptors,13,{'alpha': 2.04},4.6296,1.5729,3.0568,6.2025,-0.4056,0.4056,1.0,6,6,c1ccccc1,murcko,92,23,0.25,10-25%,0.3188,0.7466,0.323,0.4743,-0.617,adaptive_conformal,192,48,12.1175
furin,outer_cv_oof_selected_after_cv,3,141-90-2,furin,furin,,3.899,ridge,chemical_descriptors,13,{'alpha': 2.04},4.4957,2.1672,2.3286,6.6629,-0.5967,0.5967,1.0,2,2,O=c1ccnc[nH]1,murcko,1,1,1.0,>50%,0.3365,0.8016,0.3337,0.4558,-0.65,adaptive_conformal,192,48,12.1175
furin,outer_cv_oof_selected_after_cv,3,19387-91-8,furin,furin,,3.542,ridge,chemical_descriptors,13,{'alpha': 2.04},4.73,1.5799,3.1501,6.3099,-1.188,1.188,1.0,8,8,c1c[nH]cn1,murcko,10,4,0.4,25-50%,0.1279,0.3696,0.0799,-0.0361,-0.1168,adaptive_conformal,192,48,12.1175
furin,outer_cv_oof_selected_after_cv,3,34552-83-5,furin,furin,,4.935,ridge,chemical_descriptors,13,{'alpha': 2.04},4.5251,1.0831,3.4419,5.6082,0.4099,0.4099,1.0,2,2,c1ccc(C2CCN(CCC(c3ccccc3)c3ccccc3)CC2)cc1,murcko,1,1,1.0,>50%,0.2797,0.6077,0.3091,-0.5835,0.4687,adaptive_conformal,192,48,12.1175
furin,outer_cv_oof_selected_after_cv,3,60-56-0,furin,furin,,6.898,ridge,chemical_descriptors,13,{'alpha': 2.04},4.6705,1.3758,3.2947,6.0463,2.2275,2.2275,0.0,7,7,c1c[nH]cn1,murcko,10,4,0.4,25-50%,0.3811,0.9123,0.3468,0.4181,-0.6884,adaptive_conformal,192,48,12.1175
furin,outer_cv_oof_selected_after_cv,3,55-06-1,furin,furin,,3.755,ridge,chemical_descriptors,13,{'alpha': 2.04},3.8078,3.3434,0.4644,7.1512,-0.0528,0.0528,1.0,1,1,c1ccc(Oc2ccccc2)cc1,murcko,5,3,0.6,>50%,0.1389,0.3498,0.0532,0.1048,-0.0677,adaptive_conformal,192,48,12.1175
furin,outer_cv_oof_selected_after_cv,3,51333-22-3,furin,furin,,4.966,ridge,chemical_descriptors,13,{'alpha': 2.04},4.8927,2.2285,2.6642,7.1212,0.0733,0.0733,1.0,10,10,O=C1C=CC2C(=C1)CC[C@@H]1[C@@H]2CCC2C3OCO[C@@H]3C[C@H]21,murcko,2,2,1.0,>50%,0.2936,0.7937,0.2804,0.068,0.4481,adaptive_conformal,192,48,12.1175
furin,outer_cv_oof_selected_after_cv,3,83-43-2,furin,furin,,5.122,ridge,chemical_descriptors,13,{'alpha': 2.04},4.8156,1.8597,2.956,6.6753,0.3064,0.3064,1.0,9,9,O=C1C=CC2C(=C1)CC[C@H]1[C@@H]3CCCC3CC[C@H]21,murcko,3,2,0.6667,>50%,0.3692,0.8344,0.3985,0.0083,0.6861,adaptive_conformal,192,48,12.1175
furin,outer_cv_oof_selected_after_cv,3,5451-09-2,furin,furin,,4.153,ridge,chemical_descriptors,13,{'alpha': 2.04},4.7839,0.7289,4.055,5.5128,-0.6309,0.6309,1.0,9,9,Cl.NCC(=O)CCC(=O)O,acyclic,1,1,1.0,>50%,0.358,0.9252,0.275,0.438,-0.5071,adaptive_conformal,192,48,12.1175
furin,outer_cv_oof_selected_after_cv,3,211915-06-9,furin,furin,,3.858,ridge,chemical_descriptors,13,{'alpha': 2.04},4.5967,2.563,2.0337,7.1597,-0.7387,0.7387,1.0,5,5,O=C(Nc1ccccn1)c1ccc2[nH]c(CNc3ccccc3)nc2c1,murcko,2,2,1.0,>50%,0.3136,0.7949,0.2601,-0.0638,0.479,adaptive_conformal,192,48,12.1175
furin,outer_cv_oof_selected_after_cv,3,882-09-7,furin,furin,,4.011,ridge,chemical_descriptors,13,{'alpha': 2.04},4.6146,0.917,3.6976,5.5316,-0.6036,0.6036,1.0,6,6,c1ccccc1,murcko,92,23,0.25,10-25%,0.0467,0.1185,0.0354,0.0321,-0.0707,adaptive_conformal,192,48,12.1175
furin,outer_cv_oof_selected_after_cv,3,723-46-6,furin,furin,,4.09,ridge,chemical_descriptors,13,{'alpha': 2.04},4.5586,1.4111,3.1474,5.9697,-0.4686,0.4686,1.0,3,3,O=S(=O)(Nc1ccon1)c1ccccc1,murcko,1,1,1.0,>50%,0.2725,0.6526,0.2568,0.5045,-0.3353,adaptive_conformal,192,48,12.1175
furin,outer_cv_oof_selected_after_cv,3,1953-02-2,furin,furin,,3.509,ridge,chemical_descriptors,13,{'alpha': 2.04},4.732,0.6687,4.0633,5.4008,-1.223,1.223,0.0,9,9,CC(S)C(=O)NCC(=O)O,acyclic,1,1,1.0,>50%,0.3233,0.8367,0.2025,0.2831,-0.3924,adaptive_conformal,192,48,12.1175
furin,outer_cv_oof_selected_after_cv,3,651-06-9,furin,furin,,3.683,ridge,chemical_descriptors,13,{'alpha': 2.04},4.5277,1.6757,2.852,6.2035,-0.8447,0.8447,1.0,2,2,O=S(=O)(Nc1ncccn1)c1ccccc1,murcko,4,3,0.75,>50%,0.3218,0.8926,0.259,0.5166,-0.292,adaptive_conformal,192,48,12.1175
furin,outer_cv_oof_selected_after_cv,3,127-56-0,furin,furin,,4.19,ridge,chemical_descriptors,13,{'alpha': 2.04},4.2432,1.0904,3.1528,5.3336,-0.0532,0.0532,1.0,1,1,c1ccccc1,murcko,92,23,0.25,10-25%,0.2637,0.6591,0.2635,0.4584,-0.4543,adaptive_conformal,192,48,12.1175
furin,outer_cv_oof_selected_after_cv,3,127-79-7,furin,furin,,3.966,ridge,chemical_descriptors,13,{'alpha': 2.04},4.51,1.3421,3.1679,5.8521,-0.544,0.544,1.0,2,2,O=S(=O)(Nc1ncccn1)c1ccccc1,murcko,4,3,0.75,>50%,0.2043,0.5212,0.1337,0.2637,-0.0934,adaptive_conformal,192,48,12.1175
furin,outer_cv_oof_selected_after_cv,3,144-82-1,furin,furin,,3.861,ridge,chemical_descriptors,13,{'alpha': 2.04},4.5834,1.8813,2.7022,6.4647,-0.7224,0.7224,1.0,5,5,O=S(=O)(Nc1nncs1)c1ccccc1,murcko,1,1,1.0,>50%,0.2507,0.6802,0.1683,0.3263,-0.2344,adaptive_conformal,192,48,12.1175
furin,outer_cv_oof_selected_after_cv,3,595-33-5,furin,furin,,4.02,ridge,chemical_descriptors,13,{'alpha': 2.04},4.7937,1.8589,2.9348,6.6527,-0.7737,0.7737,1.0,9,9,O=C1C=C2C=C[C@H]3[C@@H]4CCCC4CC[C@@H]3C2CC1,murcko,2,1,0.5,25-50%,0.4419,0.959,0.3908,0.396,0.3856,adaptive_conformal,192,48,12.1175
furin,outer_cv_oof_selected_after_cv,3,80474-14-2,furin,furin,,4.434,ridge,chemical_descriptors,13,{'alpha': 2.04},4.7101,1.716,2.9941,6.4261,-0.2761,0.2761,1.0,8,8,O=C1C=CC2C(=C1)CC[C@@H]1C2CCC2CCC[C@H]21,murcko,11,4,0.3636,25-50%,0.4816,0.9855,0.5366,0.0343,0.9118,adaptive_conformal,192,48,12.1175
furin,outer_cv_oof_selected_after_cv,3,71-58-9,furin,furin,,3.722,ridge,chemical_descriptors,13,{'alpha': 2.04},4.8436,2.0073,2.8363,6.8509,-1.1216,1.1216,1.0,10,10,O=C1C=C2CC[C@H]3[C@@H]4CCCC4CC[C@@H]3C2CC1,murcko,5,3,0.6,>50%,0.3277,0.924,0.2786,0.0211,0.4716,adaptive_conformal,192,48,12.1175
furin,outer_cv_oof_selected_after_cv,3,124937-52-6,furin,furin,,5.06,ridge,chemical_descriptors,13,{'alpha': 2.04},4.6647,1.0915,3.5732,5.7562,0.3953,0.3953,1.0,7,7,c1ccc(Cc2ccccc2)cc1,murcko,8,2,0.25,10-25%,0.2733,0.7004,0.2593,-0.3642,0.5019,adaptive_conformal,192,48,12.1175
furin,outer_cv_oof_selected_after_cv,3,177036-94-1,furin,furin,,5.501,ridge,chemical_descriptors,13,{'alpha': 2.04},4.6361,1.1219,3.5142,5.758,0.8649,0.8649,1.0,6,6,c1ccc(C(COc2ncccn2)c2ccccc2)cc1,murcko,1,1,1.0,>50%,0.0931,0.2532,0.0885,0.1508,0.0047,adaptive_conformal,192,48,12.1175
furin,outer_cv_oof_selected_after_cv,3,107724-20-9,furin,furin,,5.699,ridge,chemical_descriptors,13,{'alpha': 2.04},4.9024,2.9339,1.9684,7.8363,0.7966,0.7966,1.0,10,10,O=C1C=C2CC[C@H]3[C@@H]4CC[C@@]5(CCC(=O)O5)C4C[C@H]4O[C@]43C2CC1,murcko,1,1,1.0,>50%,0.3449,0.7212,0.2825,0.3544,0.2039,adaptive_conformal,192,48,12.1175
furin,outer_cv_oof_selected_after_cv,3,173334-58-2,furin,furin,,3.846,ridge,chemical_descriptors,13,{'alpha': 2.04},4.2506,6.0482,-1.7976,10.2989,-0.4046,0.4046,1.0,1,1,c1ccccc1.c1ccccc1,murcko,6,3,0.5,25-50%,0.2577,0.7174,0.0694,-0.1349,0.0958,adaptive_conformal,192,48,12.1175
furin,outer_cv_oof_selected_after_cv,3,22260-51-1,furin,furin,,4.624,ridge,chemical_descriptors,13,{'alpha': 2.04},4.459,2.9802,1.4788,7.4392,0.165,0.165,1.0,1,1,O=C(NC1OC2[C@@H]3CCCN3C(=O)CN2C1=O)[C@@H]1C=C2c3cccc4[nH]cc(c34)CC2NC1,murcko,1,1,1.0,>50%,0.3018,0.7012,0.1651,-0.1353,0.3285,adaptive_conformal,192,48,12.1175
furin,outer_cv_oof_selected_after_cv,3,541-22-0,furin,furin,,3.426,ridge,chemical_descriptors,13,{'alpha': 2.04},4.208,3.5479,0.6601,7.7559,-0.782,0.782,1.0,1,1,C[N+](C)(C)CCCCCCCCCC[N+](C)(C)C.[Br-].[Br-],acyclic,1,1,1.0,>50%,0.351,0.8838,0.2217,0.245,-0.4426,adaptive_conformal,192,48,12.1175
furin,outer_cv_oof_selected_after_cv,3,1476-53-5,furin,furin,,4.444,ridge,chemical_descriptors,13,{'alpha': 2.04},4.3169,1.8861,2.4308,6.203,0.1271,0.1271,1.0,1,1,O=C(Nc1cc2ccc(OC3CCCCO3)cc2oc1=O)c1ccccc1,murcko,1,1,1.0,>50%,0.2275,0.5962,0.2023,-0.2846,-0.1069,adaptive_conformal,192,48,12.1175
furin,outer_cv_oof_selected_after_cv,4,70476-82-3,furin,furin,,4.426,ridge,chemical_descriptors,13,{'alpha': 90.9},4.4181,1.3473,3.0708,5.7654,0.0079,0.0079,1.0,1,1,O=C1c2ccccc2C(=O)c2ccccc21,murcko,1,1,1.0,>50%,0.1678,0.3583,0.0377,-0.0225,-0.0511,adaptive_conformal,192,48,13.8463
furin,outer_cv_oof_selected_after_cv,4,179463-17-3,furin,furin,,3.884,ridge,chemical_descriptors,13,{'alpha': 90.9},4.0702,2.7406,1.3296,6.8108,-0.1862,0.1862,1.0,1,1,O=C1CCCCNC(=O)[C@@H]2CCCN2C(=O)CNC(=O)[C@H](CCc2ccccc2)NC(=O)[C@@H]2CCCN2C(=O)CN1,murcko,1,1,1.0,>50%,0.1538,0.3811,0.1649,-0.1165,-0.2089,adaptive_conformal,192,48,13.8463
furin,outer_cv_oof_selected_after_cv,4,439081-18-2,furin,furin,,5.802,ridge,chemical_descriptors,13,{'alpha': 90.9},4.6676,1.2605,3.407,5.9281,1.1344,1.1344,1.0,7,7,c1ccc(Nc2ncnc3cc(O[C@H]4CCOC4)ccc23)cc1,murcko,1,1,1.0,>50%,0.4217,0.882,0.4694,-0.8497,0.0791,adaptive_conformal,192,48,13.8463
furin,outer_cv_oof_selected_after_cv,4,107007-99-8,furin,furin,,6.025,ridge,chemical_descriptors,13,{'alpha': 90.9},4.878,1.4896,3.3884,6.3677,1.147,1.147,1.0,10,10,O=C(NC1CC2CCCC(C1)N2)c1n[nH]c2ccccc12,murcko,1,1,1.0,>50%,0.3679,0.8024,0.33,-0.6596,0.3515,adaptive_conformal,192,48,13.8463
furin,outer_cv_oof_selected_after_cv,4,64872-77-1,furin,furin,,4.284,ridge,chemical_descriptors,13,{'alpha': 90.9},4.5586,1.646,2.9125,6.2046,-0.2746,0.2746,1.0,3,3,c1ccc(CCC(Cn2ccnc2)Sc2ccccc2)cc1,murcko,1,1,1.0,>50%,0.2019,0.6003,0.201,-0.17,-0.2305,adaptive_conformal,192,48,13.8463
furin,outer_cv_oof_selected_after_cv,4,155213-67-5,furin,furin,,4.97,ridge,chemical_descriptors,13,{'alpha': 90.9},4.5652,1.5483,3.0169,6.1135,0.4048,0.4048,1.0,4,4,O=C(CNC(=O)NCc1cscn1)N[C@H](CC[C@H](Cc1ccccc1)NC(=O)OCc1cncs1)Cc1ccccc1,murcko,1,1,1.0,>50%,0.2144,0.6073,0.2253,-0.1951,0.4494,adaptive_conformal,192,48,13.8463
furin,outer_cv_oof_selected_after_cv,4,175865-59-5,furin,furin,,4.405,ridge,chemical_descriptors,13,{'alpha': 90.9},4.5139,1.3624,3.1514,5.8763,-0.1089,0.1089,1.0,2,2,O=c1nc[nH]c2[nH]cnc12,murcko,4,1,0.25,10-25%,0.3548,0.8771,0.3164,-0.5147,-0.0613,adaptive_conformal,192,48,13.8463
furin,outer_cv_oof_selected_after_cv,4,61-76-7,furin,furin,,4.654,ridge,chemical_descriptors,13,{'alpha': 90.9},4.6618,1.2043,3.4575,5.8661,-0.0078,0.0078,1.0,7,7,c1ccccc1,murcko,92,23,0.25,10-25%,0.3661,0.8871,0.3423,-0.1649,-0.493,adaptive_conformal,192,48,13.8463
furin,outer_cv_oof_selected_after_cv,4,440-17-5,furin,furin,,4.663,ridge,chemical_descriptors,13,{'alpha': 90.9},4.8339,1.5573,3.2766,6.3912,-0.1709,0.1709,1.0,9,9,c1ccc2c(c1)Sc1ccccc1N2CCCN1CCNCC1,murcko,1,1,1.0,>50%,0.3476,0.8181,0.186,-0.2843,-0.0656,adaptive_conformal,192,48,13.8463
furin,outer_cv_oof_selected_after_cv,4,184475-35-2,furin,furin,,4.143,ridge,chemical_descriptors,13,{'alpha': 90.9},4.6998,1.3707,3.3291,6.0705,-0.5568,0.5568,1.0,8,8,c1ccc(Nc2ncnc3ccc(OCCCN4CCOCC4)cc23)cc1,murcko,1,1,1.0,>50%,0.3659,0.9319,0.4003,-0.7734,0.2074,adaptive_conformal,192,48,13.8463
furin,outer_cv_oof_selected_after_cv,4,58-27-5,furin,furin,,3.43,ridge,chemical_descriptors,13,{'alpha': 90.9},4.7356,1.2825,3.4531,6.0181,-1.3056,1.3056,0.0,9,9,O=C1C=CC(=O)c2ccccc21,murcko,1,1,1.0,>50%,0.4168,0.8966,0.3685,0.1721,-0.7067,adaptive_conformal,192,48,13.8463
furin,outer_cv_oof_selected_after_cv,4,183320-51-6,furin,furin,,4.372,ridge,chemical_descriptors,13,{'alpha': 90.9},4.5523,1.4249,3.1275,5.9772,-0.1803,0.1803,1.0,3,3,c1ccc(Nc2ncnc3ccccc23)cc1,murcko,2,2,1.0,>50%,0.2741,0.7285,0.2707,-0.5226,0.3834,adaptive_conformal,192,48,13.8463
furin,outer_cv_oof_selected_after_cv,4,53716-49-7,furin,furin,,3.795,ridge,chemical_descriptors,13,{'alpha': 90.9},4.7997,1.5179,3.2817,6.3176,-1.0047,1.0047,1.0,9,9,c1ccc2c(c1)[nH]c1ccccc12,murcko,1,1,1.0,>50%,0.2689,0.6406,0.2257,-0.266,-0.1829,adaptive_conformal,192,48,13.8463
furin,outer_cv_oof_selected_after_cv,4,34381-68-5,furin,furin,,3.658,ridge,chemical_descriptors,13,{'alpha': 90.9},4.5436,1.0797,3.4639,5.6232,-0.8856,0.8856,1.0,3,3,c1ccccc1,murcko,92,23,0.25,10-25%,0.3503,0.8514,0.3568,-0.7013,0.4648,adaptive_conformal,192,48,13.8463
furin,outer_cv_oof_selected_after_cv,4,3717-88-2,furin,furin,,4.942,ridge,chemical_descriptors,13,{'alpha': 90.9},4.748,1.4411,3.3069,6.189,0.194,0.194,1.0,9,9,O=C(OCCN1CCCCC1)c1cccc2c(=O)cc(-c3ccccc3)oc12,murcko,1,1,1.0,>50%,0.2014,0.4133,0.2244,-0.3868,-0.0038,adaptive_conformal,192,48,13.8463
furin,outer_cv_oof_selected_after_cv,4,144598-75-4,furin,furin,,4.248,ridge,chemical_descriptors,13,{'alpha': 90.9},4.8594,1.53,3.3294,6.3894,-0.6114,0.6114,1.0,10,10,O=c1c(CCN2CCC(c3noc4ccccc34)CC2)cnc2n1CCCC2,murcko,2,1,0.5,25-50%,0.3231,0.8446,0.3421,-0.6699,0.4554,adaptive_conformal,192,48,13.8463
furin,outer_cv_oof_selected_after_cv,4,50-63-5,furin,furin,,3.116,ridge,chemical_descriptors,13,{'alpha': 90.9},4.5262,1.0154,3.5108,5.5415,-1.4102,1.4102,0.0,2,2,c1ccc2ncccc2c1,murcko,7,2,0.2857,25-50%,0.2794,0.6659,0.2652,-0.3116,-0.2159,adaptive_conformal,192,48,13.8463
furin,outer_cv_oof_selected_after_cv,4,364782-34-3,furin,furin,,4.647,ridge,chemical_descriptors,13,{'alpha': 90.9},4.7321,1.518,3.2141,6.2501,-0.0851,0.0851,1.0,9,9,c1ccc(CCCNCc2cccc3ccccc23)cc1,murcko,1,1,1.0,>50%,0.3468,0.7757,0.3505,-0.6774,0.4948,adaptive_conformal,192,48,13.8463
furin,outer_cv_oof_selected_after_cv,4,165800-03-3,furin,furin,,5.763,ridge,chemical_descriptors,13,{'alpha': 90.9},4.7566,1.1832,3.5733,5.9398,1.0064,1.0064,1.0,9,9,O=C1OCCN1c1ccc(N2CCOCC2)cc1,murcko,1,1,1.0,>50%,0.2151,0.5669,0.1989,-0.374,0.0696,adaptive_conformal,192,48,13.8463
furin,outer_cv_oof_selected_after_cv,4,41621-49-2,furin,furin,,4.763,ridge,chemical_descriptors,13,{'alpha': 90.9},4.7038,0.9996,3.7043,5.7034,0.0592,0.0592,1.0,8,8,O=c1cccc(C2CCCCC2)[nH]1,murcko,2,1,0.5,25-50%,0.3541,0.817,0.2115,-0.2378,-0.1842,adaptive_conformal,192,48,13.8463
furin,outer_cv_oof_selected_after_cv,4,73963-72-1,furin,furin,,5.777,ridge,chemical_descriptors,13,{'alpha': 90.9},4.7807,1.3275,3.4532,6.1082,0.9963,0.9963,1.0,9,9,O=C1CCc2cc(OCCCCc3nnnn3C3CCCCC3)ccc2N1,murcko,1,1,1.0,>50%,0.2668,0.6673,0.2821,-0.5403,0.1294,adaptive_conformal,192,48,13.8463
furin,outer_cv_oof_selected_after_cv,4,135729-62-3,furin,furin,,4.349,ridge,chemical_descriptors,13,{'alpha': 90.9},5.0264,1.9798,3.0466,7.0063,-0.6774,0.6774,1.0,10,10,O=C1c2cccc3c2[C@H](CCC3)CN1[C@@H]1CN2CCC1CC2,murcko,1,1,1.0,>50%,0.3042,0.7738,0.1682,-0.1919,0.3352,adaptive_conformal,192,48,13.8463
furin,outer_cv_oof_selected_after_cv,4,78415-72-2,furin,furin,,3.416,ridge,chemical_descriptors,13,{'alpha': 90.9},4.7105,1.3196,3.3909,6.03,-1.2945,1.2945,1.0,8,8,O=c1ccc(-c2ccncc2)c[nH]1,murcko,1,1,1.0,>50%,0.2806,0.6216,0.1734,0.0269,-0.3128,adaptive_conformal,192,48,13.8463
furin,outer_cv_oof_selected_after_cv,4,50-35-1,furin,furin,,4.723,ridge,chemical_descriptors,13,{'alpha': 90.9},4.6963,1.0044,3.6918,5.7007,0.0267,0.0267,1.0,8,8,O=C1CCC(N2C(=O)c3ccccc3C2=O)C(=O)N1,murcko,2,2,1.0,>50%,0.2444,0.6254,0.0602,0.0941,0.018,adaptive_conformal,192,48,13.8463
furin,outer_cv_oof_selected_after_cv,4,63675-72-9,furin,furin,,5.351,ridge,chemical_descriptors,13,{'alpha': 90.9},4.5016,1.3378,3.1638,5.8394,0.8494,0.8494,1.0,2,2,C1=CC(c2ccccc2)C=CN1,murcko,8,2,0.25,10-25%,0.4265,0.9484,0.0873,0.1486,0.005,adaptive_conformal,192,48,13.8463
furin,outer_cv_oof_selected_after_cv,4,99464-64-9,furin,furin,,4.617,ridge,chemical_descriptors,13,{'alpha': 90.9},4.553,1.1414,3.4116,5.6944,0.064,0.064,1.0,3,3,O=C(Nc1ccccn1)C1=Cc2ccccc2S(=O)(=O)N1,murcko,2,1,0.5,25-50%,0.2098,0.5099,0.0333,-0.0654,0.0433,adaptive_conformal,192,48,13.8463
furin,outer_cv_oof_selected_after_cv,4,82419-36-1,furin,furin,,3.329,ridge,chemical_descriptors,13,{'alpha': 90.9},4.8201,1.321,3.4991,6.1411,-1.4911,1.4911,0.0,9,9,O=c1ccn2c3c(c(N4CCNCC4)ccc13)OCC2,murcko,2,1,0.5,25-50%,0.1142,0.3108,0.1076,-0.1922,0.0123,adaptive_conformal,192,48,13.8463
furin,outer_cv_oof_selected_after_cv,4,149003-01-0,furin,furin,,4.306,ridge,chemical_descriptors,13,{'alpha': 90.9},4.6076,0.8029,3.8047,5.4105,-0.3016,0.3016,1.0,5,5,O=C1CN(CCN2CC(=O)NC(=O)C2)CC(=O)N1,murcko,1,1,1.0,>50%,0.2006,0.5701,0.028,0.0554,-0.0344,adaptive_conformal,192,48,13.8463
furin,outer_cv_oof_selected_after_cv,4,112811-59-3,furin,furin,,3.609,ridge,chemical_descriptors,13,{'alpha': 90.9},4.8069,1.2894,3.5175,6.0963,-1.1979,1.1979,1.0,9,9,O=c1ccn(C2CC2)c2cc(N3CCNCC3)ccc12,murcko,5,1,0.2,10-25%,0.1835,0.5236,0.1225,-0.0273,0.2244,adaptive_conformal,192,48,13.8463
furin,outer_cv_oof_selected_after_cv,4,23288-49-5,furin,furin,,5.171,ridge,chemical_descriptors,13,{'alpha': 90.9},4.6667,1.6738,2.9929,6.3405,0.5043,0.5043,1.0,7,7,c1ccc(SCSc2ccccc2)cc1,murcko,1,1,1.0,>50%,0.3864,0.8892,0.3915,-0.6449,0.707,adaptive_conformal,192,48,13.8463
furin,outer_cv_oof_selected_after_cv,4,186826-86-8,furin,furin,,3.712,ridge,chemical_descriptors,13,{'alpha': 90.9},4.8602,1.4022,3.458,6.2625,-1.1482,1.1482,1.0,10,10,O=c1ccn(C2CC2)c2cc(N3C[C@@H]4CCCN[C@@H]4C3)ccc12,murcko,1,1,1.0,>50%,0.1489,0.4153,0.1245,-0.2254,0.2042,adaptive_conformal,192,48,13.8463
furin,outer_cv_oof_selected_after_cv,4,15687-27-1,furin,furin,,3.991,ridge,chemical_descriptors,13,{'alpha': 90.9},4.7286,1.3953,3.3333,6.1238,-0.7376,0.7376,1.0,8,8,c1ccccc1,murcko,92,23,0.25,10-25%,0.2281,0.5747,0.1126,-0.2249,0.1231,adaptive_conformal,192,48,13.8463
furin,outer_cv_oof_selected_after_cv,4,58186-27-9,furin,furin,,4.245,ridge,chemical_descriptors,13,{'alpha': 90.9},4.5212,1.326,3.1951,5.8472,-0.2762,0.2762,1.0,2,2,O=C1C=CC(=O)C=C1,murcko,1,1,1.0,>50%,0.2334,0.5771,0.0712,-0.1233,0.1232,adaptive_conformal,192,48,13.8463
furin,outer_cv_oof_selected_after_cv,4,17321-77-6,furin,furin,,3.921,ridge,chemical_descriptors,13,{'alpha': 90.9},4.8127,1.5628,3.2499,6.3754,-0.8917,0.8917,1.0,9,9,c1ccc2c(c1)CCc1ccccc1N2,murcko,3,1,0.3333,25-50%,0.1065,0.2478,0.0195,-0.0341,0.0006,adaptive_conformal,192,48,13.8463
furin,outer_cv_oof_selected_after_cv,4,63-74-1,furin,furin,,4.216,ridge,chemical_descriptors,13,{'alpha': 90.9},4.5645,1.0788,3.4857,5.6433,-0.3485,0.3485,1.0,3,3,c1ccccc1,murcko,92,23,0.25,10-25%,0.3233,0.8007,0.232,0.3395,-0.4436,adaptive_conformal,192,48,13.8463
furin,outer_cv_oof_selected_after_cv,4,58-56-0,furin,furin,,4.861,ridge,chemical_descriptors,13,{'alpha': 90.9},4.6557,1.1697,3.4861,5.8254,0.2053,0.2053,1.0,7,7,c1ccncc1,murcko,11,4,0.3636,25-50%,0.1958,0.457,0.1769,-0.1797,-0.1741,adaptive_conformal,192,48,13.8463
furin,outer_cv_oof_selected_after_cv,4,375815-87-5,furin,furin,,3.991,ridge,chemical_descriptors,13,{'alpha': 90.9},4.7229,1.2348,3.4881,5.9577,-0.7319,0.7319,1.0,8,8,c1cnc2cc3c(cc2n1)C1CNCC3C1,murcko,1,1,1.0,>50%,0.2645,0.6807,0.1805,-0.2481,-0.1029,adaptive_conformal,192,48,13.8463
furin,outer_cv_oof_selected_after_cv,4,13311-84-7,furin,furin,,4.626,ridge,chemical_descriptors,13,{'alpha': 90.9},4.5859,1.1894,3.3965,5.7753,0.0401,0.0401,1.0,5,5,c1ccccc1,murcko,92,23,0.25,10-25%,0.2014,0.5023,0.1589,-0.2362,-0.066,adaptive_conformal,192,48,13.8463
furin,outer_cv_oof_selected_after_cv,4,28657-80-9,furin,furin,,4.854,ridge,chemical_descriptors,13,{'alpha': 90.9},4.7516,1.2551,3.4965,6.0067,0.1024,0.1024,1.0,9,9,O=c1cn[nH]c2cc3c(cc12)OCO3,murcko,1,1,1.0,>50%,0.2618,0.6598,0.1475,0.2949,-0.1555,adaptive_conformal,192,48,13.8463
furin,outer_cv_oof_selected_after_cv,4,55268-74-1,furin,furin,,5.335,ridge,chemical_descriptors,13,{'alpha': 90.9},4.8953,1.5403,3.355,6.4356,0.4397,0.4397,1.0,10,10,O=C(C1CCCCC1)N1CC(=O)N2CCc3ccccc3C2C1,murcko,1,1,1.0,>50%,0.2111,0.5915,0.2109,-0.4134,0.279,adaptive_conformal,192,48,13.8463
furin,outer_cv_oof_selected_after_cv,4,16676-29-2,furin,furin,,4.083,ridge,chemical_descriptors,13,{'alpha': 90.9},4.9646,1.668,3.2966,6.6326,-0.8816,0.8816,1.0,10,10,O=C1CCC2[C@H]3Cc4cccc5c4[C@@]2(CCN3CC2CC2)[C@H]1O5,murcko,1,1,1.0,>50%,0.2824,0.7825,0.2543,-0.1751,0.501,adaptive_conformal,192,48,13.8463
furin,outer_cv_oof_selected_after_cv,4,5633-20-5,furin,furin,,4.456,ridge,chemical_descriptors,13,{'alpha': 90.9},4.6158,1.262,3.3538,5.8778,-0.1598,0.1598,1.0,6,6,c1ccc(CC2CCCCC2)cc1,murcko,3,1,0.3333,25-50%,0.2051,0.5545,0.2111,-0.4157,0.1441,adaptive_conformal,192,48,13.8463
furin,outer_cv_oof_selected_after_cv,4,81131-70-6,furin,furin,,3.787,ridge,chemical_descriptors,13,{'alpha': 90.9},4.4523,1.1244,3.3279,5.5767,-0.6653,0.6653,1.0,1,1,C1=CC2=CCCC[C@@H]2CC1,murcko,1,1,1.0,>50%,0.2469,0.5894,0.1412,0.0598,0.2091,adaptive_conformal,192,48,13.8463
furin,outer_cv_oof_selected_after_cv,4,26159-34-2,furin,furin,,4.925,ridge,chemical_descriptors,13,{'alpha': 90.9},4.6115,1.2688,3.3427,5.8803,0.3135,0.3135,1.0,5,5,c1ccc2ccccc2c1,murcko,6,1,0.1667,10-25%,0.1784,0.4262,0.0711,-0.1332,0.0235,adaptive_conformal,192,48,13.8463
furin,outer_cv_oof_selected_after_cv,4,19767-45-4,furin,furin,,3.52,ridge,chemical_descriptors,13,{'alpha': 90.9},4.4947,2.1112,2.3835,6.6059,-0.9747,0.9747,1.0,2,2,O=S(=O)([O-])CCS.[Na+],acyclic,1,1,1.0,>50%,0.36,0.9192,0.2385,0.3549,-0.4534,adaptive_conformal,192,48,13.8463
furin,outer_cv_oof_selected_after_cv,4,78110-38-0,furin,furin,,5.289,ridge,chemical_descriptors,13,{'alpha': 90.9},4.3274,1.9347,2.3927,6.262,0.9616,0.9616,1.0,1,1,N=C(C(=O)N[C@H]1CNC1=O)c1cscn1,murcko,1,1,1.0,>50%,0.4051,0.9673,0.2806,-0.5206,0.0789,adaptive_conformal,192,48,13.8463
furin,outer_cv_oof_selected_after_cv,4,55-98-1,furin,furin,,4.69,ridge,chemical_descriptors,13,{'alpha': 90.9},4.5226,1.5791,2.9435,6.1018,0.1674,0.1674,1.0,2,2,CS(=O)(=O)OCCCCOS(C)(=O)=O,acyclic,1,1,1.0,>50%,0.0562,0.1404,0.026,-0.0513,0.0181,adaptive_conformal,192,48,13.8463
furin,outer_cv_oof_selected_after_cv,4,638-94-8,furin,furin,,4.575,ridge,chemical_descriptors,13,{'alpha': 90.9},4.8924,1.5084,3.384,6.4008,-0.3174,0.3174,1.0,10,10,O=C1C=CC2C(=C1)CC[C@@H]1[C@@H]2CCC2C3OCO[C@@H]3C[C@H]21,murcko,2,2,1.0,>50%,0.314,0.8522,0.2938,0.1538,0.4142,adaptive_conformal,192,48,13.8463
furin,outer_cv_oof_selected_after_cv,4,139481-59-7,furin,furin,,5.86,ridge,chemical_descriptors,13,{'alpha': 90.9},4.7622,1.8864,2.8758,6.6486,1.0978,1.0978,1.0,9,9,c1ccc(-c2nn[nH]n2)c(-c2ccc(Cn3cnc4ccccc43)cc2)c1,murcko,1,1,1.0,>50%,0.2839,0.6968,0.3005,-0.5165,-0.0076,adaptive_conformal,192,48,13.8463
furin,outer_cv_oof_selected_after_cv,4,57-66-9,furin,furin,,3.864,ridge,chemical_descriptors,13,{'alpha': 90.9},4.6531,1.2703,3.3828,5.9234,-0.7891,0.7891,1.0,7,7,c1ccccc1,murcko,92,23,0.25,10-25%,0.2103,0.4876,0.1411,0.2801,-0.1097,adaptive_conformal,192,48,13.8463
furin,outer_cv_oof_selected_after_cv,4,1508-76-5,furin,furin,,4.5,ridge,chemical_descriptors,13,{'alpha': 90.9},4.8541,1.6167,3.2374,6.4708,-0.3541,0.3541,1.0,10,10,c1ccc(C(CCN2CCCC2)C2CCCCC2)cc1,murcko,1,1,1.0,>50%,0.1722,0.4434,0.1885,-0.1056,0.3663,adaptive_conformal,192,48,13.8463
furin,outer_cv_oof_selected_after_cv,4,6080-58-6,furin,furin,,3.473,ridge,chemical_descriptors,13,{'alpha': 90.9},4.2017,2.5243,1.6774,6.726,-0.7287,0.7287,1.0,1,1,O.O.O.O.O=C([O-])CC(O)(CC(=O)[O-])C(=O)[O-].[Li+].[Li+].[Li+],acyclic,1,1,1.0,>50%,0.2837,0.7604,0.2523,0.3471,-0.4907,adaptive_conformal,192,48,13.8463
furin,outer_cv_oof_selected_after_cv,4,624-49-7,furin,furin,,3.637,ridge,chemical_descriptors,13,{'alpha': 90.9},4.5014,1.302,3.1994,5.8034,-0.8644,0.8644,1.0,2,2,COC(=O)/C=C/C(=O)OC,acyclic,1,1,1.0,>50%,0.3412,0.8577,0.2489,0.4113,-0.4484,adaptive_conformal,192,48,13.8463
furin,outer_cv_oof_selected_after_cv,4,635728-49-3,furin,furin,,4.817,ridge,chemical_descriptors,13,{'alpha': 90.9},4.58,1.0427,3.5373,5.6227,0.237,0.237,1.0,4,4,O=C(N[C@H](CCNS(=O)(=O)c1ccccc1)Cc1ccccc1)O[C@H]1CO[C@H]2OCC[C@H]21,murcko,1,1,1.0,>50%,0.2113,0.5136,0.1037,-0.1846,0.1742,adaptive_conformal,192,48,13.8463
furin,outer_cv_oof_selected_after_cv,4,113852-37-2,furin,furin,,4.799,ridge,chemical_descriptors,13,{'alpha': 90.9},4.5076,1.0729,3.4347,5.5804,0.2914,0.2914,1.0,2,2,O=c1nccc[nH]1,murcko,2,2,1.0,>50%,0.2573,0.7175,0.1174,0.1813,0.0386,adaptive_conformal,192,48,13.8463
furin,outer_cv_oof_selected_after_cv,4,80-50-2,furin,furin,,4.005,ridge,chemical_descriptors,13,{'alpha': 90.9},4.648,1.5468,3.1012,6.1949,-0.643,0.643,1.0,7,7,C1C[C@@H]2CC[C@H](C1)[NH2+]2,murcko,1,1,1.0,>50%,0.3208,0.8961,0.2546,-0.0428,0.4609,adaptive_conformal,192,48,13.8463
furin,outer_cv_oof_selected_after_cv,4,119302-91-9,furin,furin,,4.087,ridge,chemical_descriptors,13,{'alpha': 90.9},4.7312,2.2706,2.4606,7.0018,-0.6442,0.6442,1.0,9,9,C1CC[NH+]([C@@H]2CC3CC[C@@H]4C5C[C@H](N6CCOCC6)CC[C@@H]5CC[C@H]4[C@@H]3C2)C1,murcko,1,1,1.0,>50%,0.3427,0.8709,0.1681,-0.0784,0.3224,adaptive_conformal,192,48,13.8463
furin,outer_cv_oof_selected_after_cv,4,83905-01-5,furin,furin,,7.152,ridge,chemical_descriptors,13,{'alpha': 90.9},4.5109,0.9548,3.5561,5.4658,2.6411,2.6411,0.0,2,2,O=C1C[C@@H](O[C@H]2CCCCO2)C[C@@H](O[C@H]2CCCCO2)CCCCNCCCCO1,murcko,2,1,0.5,25-50%,0.2124,0.6415,0.1936,-0.1659,0.386,adaptive_conformal,192,48,13.8463
furin,outer_cv_oof_selected_after_cv,4,5593-20-4,furin,furin,,4.787,ridge,chemical_descriptors,13,{'alpha': 90.9},4.7298,1.3591,3.3706,6.0889,0.0572,0.0572,1.0,8,8,O=C1C=CC2C(=C1)CC[C@@H]1C2CCC2CCC[C@H]21,murcko,11,4,0.3636,25-50%,0.4359,0.9784,0.479,0.0759,0.7892,adaptive_conformal,192,48,13.8463
furin,outer_cv_oof_selected_after_cv,4,64-77-7,furin,furin,,4.86,ridge,chemical_descriptors,13,{'alpha': 90.9},4.6112,1.0929,3.5183,5.704,0.2488,0.2488,1.0,5,5,c1ccccc1,murcko,92,23,0.25,10-25%,0.2214,0.5137,0.2248,0.3428,-0.4233,adaptive_conformal,192,48,13.8463
